tid,loop_in_cs,lock_acquires,lock_hold(ms),total_duration(s),wait_acq(ms),wait_rel(ms),lwait_acq,lwait_rel,gwait_acq,gwait_rel,data_read,data_write,glock_tries,array_size(B),client_id,run,nlocks
000,1624768512,    6197, 1061.394287,   20.000000,18930.478516,    3.381070,18929.238281,    1.485405,44066324480.000000,    1.010462,    0.240322,    0.239512,         1,         1048576,000,000,000001
001,1623982080,    6194, 1031.762939,   20.000000,18958.654297,    2.769575,18417.207031,    1.393860,2762440966144.000000,    0.495343,  521.729248,    0.000000,      2202,         1048576,000,000,000001
002,1624244224,    6195, 1043.695068,   20.000000,18945.183594,    2.844557,18947.345703,    1.355157,44066320384.000000,    0.661528,    0.000000,    0.000000,         0,         1048576,000,000,000001
003,1624244224,    6195, 1082.359253,   20.000000,18909.035156,    2.820040,18907.828125,    1.195962,45299703808.000000,    0.797837,    0.000000,    0.000000,         0,         1048576,000,000,000001
004,1624244224,    6195, 1032.884644,   20.000000,18958.322266,    2.561437,17977.134766,    1.286705,4969001910272.000000,    0.410837,  946.224121,    0.000000,      3992,         1048576,000,000,000001
005,1623982080,    6194, 1032.193726,   20.000000,18956.714844,    2.612615,18955.871094,    1.207037,46533099520.000000,    0.566067,    0.000000,    0.000000,         0,         1048576,000,000,000001
006,1623982080,    6194, 1042.856079,   20.000000,18945.794922,    2.879687,18944.962891,    1.429022,46533095424.000000,    0.587058,    0.000000,    0.000000,         0,         1048576,000,000,000001
007,1623982080,    6194, 1041.162720,   20.000000,18947.279297,    3.097930,18946.441406,    1.662848,46533095424.000000,    0.568252,    0.000000,    0.000000,         0,         1048576,000,000,000001
008,1623982080,    6194, 1070.790771,   20.000000,17377.992188, 1543.267578,17377.158203,    1.370997,46533091328.000000, 1540.961548,    0.000000, 1487.130615,         0,         1048576,000,000,000001
009,1623982080,    6194, 1093.449341,   20.000000,18896.222656,    3.359335,18895.386719,    1.772115,46533083136.000000,    0.658012,    0.000000,    0.000000,         0,         1048576,000,000,000001
010,1623982080,    6194, 1093.633545,   20.000000,18894.759766,    2.899652,18893.847656,    1.416170,46533095424.000000,    0.641407,    0.000000,    0.000000,         0,         1048576,000,000,000001
011,1623982080,    6194, 1036.274170,   20.000000,18952.337891,    2.932975,18951.443359,    1.486933,46533091328.000000,    0.574663,    0.000000,    0.000000,         0,         1048576,000,000,000001
012,1623982080,    6194, 1094.658203,   20.000000,18895.486328,    3.363262,18894.935547,    1.558763,46533083136.000000,    0.982238,    0.000000,    0.000000,         0,         1048576,000,000,000001
013,1623982080,    6194, 1030.122070,   20.000000,18959.167969,    3.011023,18958.355469,    1.539603,46533091328.000000,    0.589792,    0.000000,    0.000000,         0,         1048576,000,000,000001
014,1623982080,    6194, 1031.031738,   20.000000,18957.970703,    2.955373,18957.046875,    1.567390,46533091328.000000,    0.537175,    0.000000,    0.000000,         0,         1048576,000,000,000001
015,1623982080,    6194, 1032.645264,   20.000000,18956.382812,    2.957698,18955.529297,    1.571362,46533091328.000000,    0.535585,    0.000000,    0.000000,         0,         1048576,000,000,000001
000,1612447744,    6150, 1028.695190,   20.000000,18963.876953,    3.234222,18962.767578,    1.525575,101912600576.000000,    0.831315,    0.237905,    0.239122,         1,         1048576,000,001,000001
001,1612185600,    6149, 1025.623901,   20.000000,18963.707031,    2.870566,18965.964844,    1.473974,100679204864.000000,    0.556590,    0.000000,    0.000000,         0,         1048576,000,001,000001
002,1612185600,    6149, 1105.334961,   20.000000,17377.250000, 1510.677002,17376.207031,    0.981920,101912608768.000000, 1508.991089,    0.000000, 1464.615234,         0,         1048576,000,001,000001
003,1612185600,    6149, 1071.512451,   20.000000,18920.148438,    2.804846,18918.986328,    1.104663,101912600576.000000,    0.874677,    0.000000,    0.000000,         0,         1048576,000,001,000001
004,1611923456,    6148, 1024.303833,   20.000000,18964.998047,    2.774568,18964.177734,    1.343251,103146012672.000000,    0.605642,    0.000000,    0.000000,         0,         1048576,000,001,000001
005,1612185600,    6149, 1032.712280,   20.000000,18959.464844,    2.808456,18958.564453,    1.386856,101912600576.000000,    0.581884,    0.000000,    0.000000,         0,         1048576,000,001,000001
006,1612185600,    6149, 1065.980591,   20.000000,18925.328125,    2.737969,18924.332031,    1.126290,101912600576.000000,    0.771569,    0.000000,    0.000000,         0,         1048576,000,001,000001
007,1611923456,    6148, 1069.445679,   20.000000,18919.382812,    3.152258,18918.369141,    1.499082,103146012672.000000,    0.840525,    0.000000,    0.000000,         0,         1048576,000,001,000001
008,1611923456,    6148, 1023.310181,   20.000000,18965.568359,    3.238557,18964.775391,    1.757802,103146012672.000000,    0.631684,    0.000000,    0.000000,         0,         1048576,000,001,000001
009,1611923456,    6148, 1115.702026,   20.000000,18874.771484,    2.312557,17352.599609,    1.204571, 1521.663696,    0.279943, 1462.904541,    0.000000,      6148,         1048576,000,001,000001
010,1611923456,    6148, 1026.208374,   20.000000,18963.228516,    2.872531,18962.349609,    1.441574,103146012672.000000,    0.577969,    0.000000,    0.000000,         0,         1048576,000,001,000001
011,1611923456,    6148, 1082.145142,   20.000000,18906.197266,    2.935680,18905.298828,    1.421971,103146012672.000000,    0.635995,    0.000000,    0.000000,         0,         1048576,000,001,000001
012,1611923456,    6148, 1069.554199,   20.000000,18920.531250,    3.248917,18919.978516,    1.538280,103146004480.000000,    0.881559,    0.000000,    0.000000,         0,         1048576,000,001,000001
013,1611923456,    6148, 1080.334351,   20.000000,18908.240234,    3.097940,18907.390625,    1.583859,103146012672.000000,    0.622915,    0.000000,    0.000000,         0,         1048576,000,001,000001
014,1611923456,    6148, 1039.762573,   20.000000,18950.619141,    2.853868,18949.773438,    1.439197,103146004480.000000,    0.592599,    0.000000,    0.000000,         0,         1048576,000,001,000001
015,1611923456,    6148, 1022.971008,   20.000000,18965.726562,    2.879680,18964.888672,    1.482168,103146012672.000000,    0.557610,    0.000000,    0.000000,         0,         1048576,000,001,000001
000,1618739200,    6174, 1066.172852,   20.000000,18924.685547,    3.246447,18923.410156,    1.487527,72187240448.000000,    0.839270,    0.236975,    0.000000,         1,         1048576,000,002,000001
001,1618214912,    6172, 1028.455200,   20.000000,18963.044922,    2.837153,18962.240234,    1.430987,73420652544.000000,    0.570219,    0.000000,    0.000000,         0,         1048576,000,002,000001
002,1618214912,    6172, 1054.049683,   20.000000,18936.732422,    2.970129,18935.779297,    1.371533,73420652544.000000,    0.773437,    0.000000,    0.000000,         0,         1048576,000,002,000001
003,1618477056,    6173, 1033.079346,   20.000000,18959.082031,    2.572388,18958.017578,    1.151223,72187232256.000000,    0.590267,    0.000000,    0.000000,         0,         1048576,000,002,000001
004,1618739200,    6174, 1026.068604,   20.000000,18966.158203,    2.912238,18965.294922,    1.470704,70953811968.000000,    0.618709,    0.000000,    0.000000,         0,         1048576,000,002,000001
005,1618214912,    6172, 1059.498169,   20.000000,18930.152344,    2.882230,18519.025391,    1.295535,2134492446720.000000,    0.739268,  396.082336,    0.000000,      1671,         1048576,000,002,000001
006,1618214912,    6172, 1033.424927,   20.000000,18957.990234,    2.743277,18957.152344,    1.257785,73420652544.000000,    0.635979,    0.000000,    0.000000,         0,         1048576,000,002,000001
007,1618214912,    6172, 1038.168579,   20.000000,18952.958984,    3.027488,18952.128906,    1.584158,73420652544.000000,    0.598188,    0.000000,    0.000000,         0,         1048576,000,002,000001
008,1617952768,    6171, 1128.644531,   20.000000,18859.880859,    3.026117,17741.861328,    1.760099,5625071796224.000000,    0.354308, 1072.506592,    0.000000,      4500,         1048576,000,002,000001
009,1617952768,    6171, 1044.036621,   20.000000,18945.056641,    2.924075,18944.203125,    1.462569,74654081024.000000,    0.615234,    0.000000,    0.000000,         0,         1048576,000,002,000001
010,1617952768,    6171, 1051.523071,   20.000000,18938.250000,    2.764883,18937.373047,    1.326973,74654072832.000000,    0.575905,    0.000000,    0.000000,         0,         1048576,000,002,000001
011,1618214912,    6172, 1027.062256,   20.000000,18964.119141,    2.829722,18963.242188,    1.380335,73420644352.000000,    0.587908,    0.000000,    0.000000,         0,         1048576,000,002,000001
012,1618214912,    6172, 1091.019043,   20.000000,18899.484375,    3.184758,18898.947266,    1.477363,73420644352.000000,    0.876982,    0.000000,    0.000000,         0,         1048576,000,002,000001
013,1617952768,    6171, 1069.199097,   20.000000,17391.722656, 1530.142578,17393.708984,    0.940046,73420644352.000000, 1528.483887,    0.000000, 1477.511108,         0,         1048576,000,002,000001
014,1617952768,    6171, 1053.922729,   20.000000,18934.914062,    2.937942,18934.072266,    1.505888,74654081024.000000,    0.603817,    0.000000,    0.000000,         0,         1048576,000,002,000001
015,1617952768,    6171, 1048.952026,   20.000000,18940.521484,    2.841823,18939.677734,    1.379662,74654072832.000000,    0.610378,    0.000000,    0.000000,         0,         1048576,000,002,000001
000,1612709888,    6151, 1110.133667,   20.000000,17372.929688, 1510.880005,17371.925781,    0.984612,99199950848.000000, 1509.153687,    0.000000, 1465.559814,         0,         1048576,000,003,000001
001,1612447744,    6150, 1063.420776,   20.000000,18928.222656,    3.065061,18927.248047,    1.434905,100433379328.000000,    0.808924,    0.000000,    0.000000,         0,         1048576,000,003,000001
002,1612447744,    6150, 1031.885864,   20.000000,18960.683594,    2.821817,18959.900391,    1.376608,100433379328.000000,    0.604612,    0.000000,    0.000000,         0,         1048576,000,003,000001
003,1612185600,    6149, 1024.585205,   20.000000,18964.990234,    2.826127,18963.919922,    1.402016,101666832384.000000,    0.602811,    0.000000,    0.000000,         0,         1048576,000,003,000001
004,1612185600,    6149, 1156.940430,   20.000000,18832.425781,    3.097078,18831.646484,    1.616405,101666832384.000000,    0.651227,    0.000000,    0.000000,         0,         1048576,000,003,000001
005,1612447744,    6150, 1044.238647,   20.000000,18947.867188,    2.965153,18947.000000,    1.377762,100433379328.000000,    0.712140,    0.000000,    0.000000,         0,         1048576,000,003,000001
006,1612709888,    6151, 1029.485352,   20.000000,18960.798828,    2.897944,18962.816406,    1.397301,99199934464.000000,    0.606785,    0.238585,    0.000000,         1,         1048576,000,003,000001
007,1612447744,    6150, 1035.923218,   20.000000,18954.109375,    2.994489,18953.263672,    1.580818,100433395712.000000,    0.579436,    0.000000,    0.000000,         0,         1048576,000,003,000001
008,1612185600,    6149, 1079.243408,   20.000000,18909.587891,    3.224715,18908.767578,    1.723821,101666832384.000000,    0.686414,    0.000000,    0.000000,         0,         1048576,000,003,000001
009,1612185600,    6149, 1116.083252,   20.000000,18874.767578,    2.268561,17351.404297,    1.173282, 1522.861206,    0.279929, 1463.781982,    0.000000,      6149,         1048576,000,003,000001
010,1612185600,    6149, 1025.869141,   20.000000,18963.593750,    2.888688,18962.677734,    1.508934,101666832384.000000,    0.550774,    0.000000,    0.000000,         0,         1048576,000,003,000001
011,1612185600,    6149, 1054.446899,   20.000000,18936.685547,    2.794839,18935.818359,    1.308150,101666816000.000000,    0.628598,    0.000000,    0.000000,         0,         1048576,000,003,000001
012,1612185600,    6149, 1034.571655,   20.000000,18956.085938,    2.946003,18955.462891,    1.495622,101666824192.000000,    0.616885,    0.000000,    0.000000,         0,         1048576,000,003,000001
013,1612185600,    6149, 1025.758423,   20.000000,18965.267578,    2.768903,18964.484375,    1.318758,101666824192.000000,    0.629213,    0.000000,    0.000000,         0,         1048576,000,003,000001
014,1612185600,    6149, 1029.073242,   20.000000,18961.439453,    2.838602,18960.607422,    1.388625,101666824192.000000,    0.610057,    0.000000,    0.000000,         0,         1048576,000,003,000001
015,1612185600,    6149, 1025.558594,   20.000000,18963.955078,    2.868496,18963.091797,    1.462100,101666832384.000000,    0.567404,    0.000000,    0.000000,         0,         1048576,000,003,000001
000,1626865664,    6205, 1070.849609,   20.000000,18920.031250,    3.162345,18918.755859,    1.461105,33702729728.000000,    0.829775,    0.239090,    0.000000,         1,         1048576,000,004,000001
001,1626603520,    6204, 1035.365479,   20.000000,18955.990234,    2.887997,18955.207031,    1.457399,33702725632.000000,    0.573710,    0.000000,    0.000000,         0,         1048576,000,004,000001
002,1626341376,    6203, 1046.487915,   20.000000,18944.802734,    2.805009,18943.859375,    1.377150,34936184832.000000,    0.604633,    0.000000,    0.000000,         0,         1048576,000,004,000001
003,1626865664,    6205, 1034.205322,   20.000000,18957.613281,    2.840237,18956.548828,    1.406293,32469266432.000000,    0.595627,    0.000000,    0.000000,         0,         1048576,000,004,000001
004,1626341376,    6203, 1062.009033,   20.000000,18928.357422,    2.998182,18927.433594,    1.389308,34936188928.000000,    0.784880,    0.000000,    0.000000,         0,         1048576,000,004,000001
005,1626341376,    6203, 1033.651123,   20.000000,18957.517578,    2.820665,18956.677734,    1.392782,34936184832.000000,    0.584783,    0.000000,    0.000000,         0,         1048576,000,004,000001
006,1626341376,    6203, 1033.979004,   20.000000,18956.792969,    2.938987,18955.921875,    1.406098,34936188928.000000,    0.638922,    0.000000,    0.000000,         0,         1048576,000,004,000001
007,1626341376,    6203, 1033.611206,   20.000000,18956.009766,    2.637913,17730.210938,    1.367202,6204757114880.000000,    0.384930, 1185.893066,    0.000000,      5003,         1048576,000,004,000001
008,1626079232,    6202, 1079.507568,   20.000000,18909.509766,    3.196474,18908.679688,    1.725098,36169650176.000000,    0.641846,    0.000000,    0.000000,         0,         1048576,000,004,000001
009,1626079232,    6202, 1033.372681,   20.000000,18955.498047,    3.095442,18954.613281,    1.573030,36169650176.000000,    0.634090,    0.000000,    0.000000,         0,         1048576,000,004,000001
010,1626341376,    6203, 1032.505127,   20.000000,18958.335938,    2.980548,18957.457031,    1.494007,34936180736.000000,    0.600035,    0.000000,    0.000000,         0,         1048576,000,004,000001
011,1626341376,    6203, 1077.542725,   20.000000,17377.794922, 1538.615601,17376.966797,    0.960990,34936180736.000000, 1537.012207,    0.000000, 1485.546265,         0,         1048576,000,004,000001
012,1626079232,    6202, 1052.471191,   20.000000,18935.994141,    3.113062,18935.349609,    1.557009,36169650176.000000,    0.702242,    0.000000,    0.000000,         0,         1048576,000,004,000001
013,1626341376,    6203, 1091.842773,   20.000000,18898.548828,    2.972709,18897.761719,    1.502753,34936184832.000000,    0.644712,    0.000000,    0.000000,         0,         1048576,000,004,000001
014,1626079232,    6202, 1103.221069,   20.000000,18885.214844,    2.752717,18587.593750,    1.381845,1516322684928.000000,    0.522107,  285.365692,    0.000000,      1200,         1048576,000,004,000001
015,1626079232,    6202, 1034.341797,   20.000000,18954.617188,    2.922833,18953.771484,    1.468130,36169650176.000000,    0.596082,    0.000000,    0.000000,         0,         1048576,000,004,000001
000, 484179968,    1846,  517.163391,   20.000000,13201.140625, 4394.621582,13165.625977,    0.957263,5529991643136.000000, 4393.376465,   31.411409, 4322.865723,        98,         1048576,000,000,000128
001, 361758720,    1379,  398.746277,   20.000000,13674.712891, 4085.455811,10083.192383,    0.711483,6104801083392.000000, 4084.510742, 3585.349854, 4018.460938,        97,         1048576,000,000,000128
002, 466092032,    1777,  499.190338,   20.000000,13306.613281, 4413.597656,13257.177734,    0.839678,5649638883328.000000, 4412.485352,   42.483398, 4337.073730,       126,         1048576,000,000,000128
003, 353370112,    1347,  408.587708,   20.000000,13700.541016, 3967.742676,13666.261719,    0.863918,6120835907584.000000, 3966.604736,   28.510780, 3898.583496,        78,         1048576,000,000,000128
004, 439091200,    1674,  468.803040,   20.000000,13491.805664, 4126.482422,13449.808594,    0.783898,5759421120512.000000, 4125.423340,   35.847042, 4057.972900,       112,         1048576,000,000,000128
005, 362545152,    1382,  399.075562,   20.000000,13718.853516, 4063.386475,13681.064453,    0.775288,6094933458944.000000, 4062.386719,   31.745073, 3994.074951,        92,         1048576,000,000,000128
006, 359661568,    1371,  397.109772,   20.000000,13656.550781, 4057.591797,13626.675781,    0.707180,6090000433152.000000, 4056.648193,   25.160807, 3987.959473,        77,         1048576,000,000,000128
007, 375128064,    1430,  414.971130,   20.000000,13595.410156, 4171.211914,13563.313477,    0.746270,6020923392000.000000, 4170.233887,   27.331570, 4099.108398,        80,         1048576,000,000,000128
008, 418906112,    1597,  462.836548,   20.000000,13617.179688, 4210.435059,10156.363281,    0.852430,5860566761472.000000, 4209.268066, 3453.922363, 4136.710938,       117,         1048576,000,000,000128
009, 391380992,    1492,  443.170258,   20.000000,13541.816406, 4211.873047,13500.174805,    0.743786,5971583172608.000000, 4210.891113,   34.469700, 4137.541504,       102,         1048576,000,000,000128
010, 442236928,    1686,  483.200043,   20.000000,13427.519531, 4275.263672,13385.431641,    0.903051,5744620994560.000000, 4274.101074,   35.523800, 4197.549805,       112,         1048576,000,000,000128
011, 412352512,    1572,  447.837006,   20.000000,13783.225586, 3911.851562, 6830.450195,    0.972311,5892637458432.000000, 3910.638184, 3393.958984, 3842.822754,       118,         1048576,000,000,000128
012, 466878464,    1780,  499.770874,   20.000000,13560.806641, 4035.715820, 6485.021973,    0.913527,5641005432832.000000, 4034.534424, 7070.459961, 3960.539307,       122,         1048576,000,000,000128
013, 375390208,    1431,  425.817535,   20.000000,13494.451172, 4104.577148,13461.070312,    0.679963,6030792065024.000000, 4103.653320,   28.594610, 4036.661865,        89,         1048576,000,000,000128
014, 382730240,    1459,  437.261566,   20.000000,13589.075195, 4193.913574,13549.065430,    0.848602,6006121168896.000000, 4192.827148,   33.724403, 4123.805176,        97,         1048576,000,000,000128
015, 457441280,    1744,  498.194977,   20.000000,13459.755859, 4278.135254,13418.739258,    0.898510,5666911027200.000000, 4276.958984,   35.057812, 4203.188965,       107,         1048576,000,000,000128
000, 272105472,    1037,  290.087555,   20.000000,15572.355469, 2509.037354,15546.996094,    0.587128,6484694401024.000000, 2508.289307,   22.806021, 2466.225342,        63,         1048576,000,001,000128
001, 292290560,    1114,  303.029724,   20.000000,15755.994141, 2395.220215,15735.081055,    0.607471,6377378414592.000000, 2394.440186,   18.832861, 2352.849365,        53,         1048576,000,001,000128
002, 283639808,    1081,  296.888611,   20.000000, 7634.797363,10608.063477, 3787.213623,    0.526970,6439050936320.000000,10607.373047, 3844.580322,10564.606445,        70,         1048576,000,001,000128
003, 170131456,     648,  196.733170,   20.000000,15953.044922, 1838.276001,11892.711914,    0.359186,6958367637504.000000, 1837.768921, 4057.733643, 1807.122803,        58,         1048576,000,001,000128
004, 204472320,     779,  224.837204,   20.000000,15825.385742, 2236.027832,15802.133789,    0.428321,6795541086208.000000, 2235.468506,   19.848820, 2198.542969,        57,         1048576,000,001,000128
005, 230686720,     879,  252.585434,   20.000000, 7818.748535,10358.503906, 7792.041992,    0.472383,6678355902464.000000,10357.892578,   23.596224,10319.159180,        62,         1048576,000,001,000128
006, 241434624,     920,  259.319977,   20.000000,11478.443359, 6654.372559,11451.324219,    0.510246,6629016731648.000000, 6653.719238,   23.431290, 6613.722168,        63,         1048576,000,001,000128
007, 273154048,    1041,  292.435181,   20.000000,15434.647461, 2420.539307,15410.321289,    0.578680,6487162224640.000000, 2419.798828,   22.193373, 2382.859619,        69,         1048576,000,001,000128
008, 237764608,     906,  264.554565,   20.000000,15866.927734, 2346.546387,15844.360352,    0.618446,6636416008192.000000, 2345.749023,   19.552456, 2302.914551,        55,         1048576,000,001,000128
009, 239861760,     914,  269.515259,   20.000000,15634.830078, 2437.017334,11913.011719,    0.452538,6653686579200.000000, 2436.400635, 3717.362305, 2396.589111,        77,         1048576,000,001,000128
010, 188219392,     717,  216.624802,   20.000000,15938.445312, 2096.225586,12126.288086,    0.439918,6876954099712.000000, 2095.671143, 3808.652832, 2062.131348,        61,         1048576,000,001,000128
011, 241172480,     919,  271.286377,   20.000000,11903.394531, 6088.166016,11876.712891,    0.497096,6630249857024.000000, 6087.522461,   23.202593, 2359.004883,        63,         1048576,000,001,000128
012, 245628928,     936,  269.923065,   20.000000,11721.345703, 6071.477539,11697.412109,    0.482018,6603113758720.000000, 6070.853027,   21.114677, 6030.743652,        58,         1048576,000,001,000128
013, 267911168,    1021,  299.870789,   20.000000,15654.236328, 2528.810547,15632.404297,    0.486760,6493327851520.000000, 2528.168945,   19.043772, 2488.545898,        54,         1048576,000,001,000128
014, 252706816,     963,  279.840576,   20.000000,15685.266602, 2381.458252,15657.603516,    0.475254,6578441814016.000000, 2380.831787,   24.210159, 2338.467773,        65,         1048576,000,001,000128
015, 192937984,     735,  219.068680,   20.000000,12076.513672, 6041.215820,12057.712891,    0.346144,6839947755520.000000, 6040.752441,   16.690136, 2112.276855,        49,         1048576,000,001,000128
000, 577241088,    2201,  636.289795,   20.000000,12977.177734, 6382.634766,12926.191406,    1.006716,5131481907200.000000, 6381.262695,   43.750313, 6278.461914,       131,         1048576,000,002,000128
001, 628097024,    2395,  685.758911,   20.000000,12683.632812, 6626.130859,12628.114258,    1.063052,4924248686592.000000, 6624.680176,   48.054508, 6515.816895,       157,         1048576,000,002,000128
002, 521142272,    1987,  577.833069,   20.000000,13261.303711, 6047.484375,13215.914062,    0.961651,5376958791680.000000, 6046.196777,   38.768238, 5947.196777,       115,         1048576,000,002,000128
003, 503578624,    1920,  589.171997,   20.000000,13468.301758, 5935.110352,10566.217773,    0.953060,5489209376768.000000, 5933.758301, 2894.006348, 5830.539062,       140,         1048576,000,002,000128
004, 684982272,    2612,  743.332214,   20.000000,12463.358398, 6751.223145, 9872.292969,    1.128470,4698511245312.000000, 6749.661133, 2580.452393, 6636.503906,       190,         1048576,000,002,000128
005, 570949632,    2177,  628.451538,   20.000000,12906.447266, 6380.352539,12852.426758,    1.043565,5175891197952.000000, 6378.932129,   45.950062, 6267.728027,       142,         1048576,000,002,000128
006, 635961344,    2425,  684.315430,   20.000000,12937.785156, 6374.277344,12883.073242,    1.050393,4879838347264.000000, 6372.849121,   46.684669, 6263.003418,       151,         1048576,000,002,000128
007, 570163200,    2174,  628.276917,   20.000000,12851.351562, 6410.530762,12801.770508,    1.028695,5170957123584.000000, 6409.156250,   41.856815, 6297.433105,       135,         1048576,000,002,000128
008, 636747776,    2428,  716.169739,   20.000000,12631.202148, 6648.025391,12566.929688,    1.270729,4898345713664.000000, 6646.242676,   54.250767, 6532.083008,       169,         1048576,000,002,000128
009, 651689984,    2485,  731.290894,   20.000000,12495.361328, 6768.067871,12438.282227,    1.126418,4808295579648.000000, 6766.546875,   49.078377, 6656.359863,       153,         1048576,000,002,000128
010, 506986496,    1933,  585.423645,   20.000000,13413.047852, 5996.020508, 9053.505859,    0.825945,5452203556864.000000, 5994.889160, 4351.504883, 5889.533203,       123,         1048576,000,002,000128
011, 537133056,    2048,  613.321350,   20.000000,13159.262695, 6171.507812, 9407.275391,    0.963736,5305412354048.000000, 6170.223145, 3743.945801, 6061.910156,       118,         1048576,000,002,000128
012, 531890176,    2028,  608.746399,   20.000000,13267.543945, 6119.714355,13217.984375,    1.046810,5332550025216.000000, 6118.350586,   40.743435, 6014.622070,       121,         1048576,000,002,000128
013, 680263680,    2594,  759.220886,   20.000000,12459.544922, 6775.003418,12400.599609,    1.232906,4688643620864.000000, 6773.344238,   49.936031, 6659.570801,       165,         1048576,000,002,000128
014, 607649792,    2317,  689.519409,   20.000000,12697.729492, 6555.864746,12642.525391,    1.132802,5004429623296.000000, 6554.352539,   46.430313, 6443.709961,       143,         1048576,000,002,000128
015, 689176576,    2628,  768.808350,   20.000000,12410.637695, 6816.217285,12345.946289,    1.299343,4663972724736.000000, 6814.507324,   55.653656, 6702.084473,       179,         1048576,000,002,000128
000, 495714304,    1890,  537.041687,   20.000000,14009.056641, 5021.496094,13962.411133,    0.785949,5510133186560.000000, 5020.407227,   40.931374, 4934.363770,       126,         1048576,000,003,000128
001, 576978944,    2200,  610.050110,   20.000000, 9841.381836, 5199.077637, 9790.197266,    0.848652,5145002770432.000000, 5197.884277,   44.505009, 5109.212891,       140,         1048576,000,003,000128
002, 452722688,    1726,  493.275787,   20.000000,10298.125000, 4851.129883,10257.476562,    0.729746,5682832605184.000000, 4850.130859,   35.280186, 4768.483887,       102,         1048576,000,003,000128
003, 475004928,    1811,  540.512024,   20.000000,14060.993164, 5002.608398,14007.303711,    0.911073,5624854740992.000000, 5001.339844,   44.569786, 4915.695801,       140,         1048576,000,003,000128
004, 381157376,    1453,  423.794922,   20.000000,10641.795898, 4547.513184,10607.668945,    0.581740,5998625423360.000000, 4546.689941,   29.184731, 4469.062988,        86,         1048576,000,003,000128
005, 415498240,    1584,  459.530548,   20.000000,14279.726562, 4754.998535,14238.880859,    0.679342,5853065248768.000000, 4754.064453,   33.240997, 4672.219238,        98,         1048576,000,003,000128
006, 473694208,    1806,  519.638611,   20.000000,13965.898438, 5025.757812,13927.340820,    0.779712,5577980772352.000000, 5024.684570,   32.934933, 4936.628418,        97,         1048576,000,003,000128
007, 442236928,    1686,  485.361877,   20.000000,10369.585938, 4853.274902, 7448.461426,    0.740838,5769182838784.000000, 4852.267090, 2914.011963, 4769.593750,       132,         1048576,000,003,000128
008, 431489024,    1645,  490.648438,   20.000000,10402.400391, 4748.177734, 6973.732910,    0.782859,5787686010880.000000, 4747.045410, 3421.149170, 4662.101562,       106,         1048576,000,003,000128
009, 467140608,    1781,  522.018494,   20.000000,14080.613281, 4894.938965,14035.770508,    0.790885,5633489240064.000000, 4893.867676,   38.001270, 4812.495117,       117,         1048576,000,003,000128
010, 489947136,    1868,  549.443359,   20.000000,13920.056641, 5046.017578,13879.380859,    0.791327,5505200160768.000000, 5044.931641,   35.130459, 4958.074219,       100,         1048576,000,003,000128
011, 458489856,    1748,  522.768372,   20.000000,13944.115234, 5004.972168,13902.328125,    0.771340,5669264031744.000000, 5003.930664,   35.339390, 4919.973633,       113,         1048576,000,003,000128
012, 513015808,    1956,  570.416321,   20.000000,10123.535156, 5030.087891,10079.969727,    0.836435,5413918474240.000000, 5028.958008,   36.679222, 4940.531738,       114,         1048576,000,003,000128
013, 410779648,    1566,  470.392334,   20.000000,14281.245117, 4719.259766,10383.775391,    0.579879,5886371692544.000000, 4718.435547, 3890.438477, 4637.837891,       108,         1048576,000,003,000128
014, 445120512,    1697,  504.052643,   20.000000,10387.226562, 4745.519043, 6091.503418,    0.689709,5733410668544.000000, 4744.563965, 4287.168945, 4666.507324,       114,         1048576,000,003,000128
015, 438829056,    1673,  496.868591,   20.000000,14300.296875, 4801.198242,14252.270508,    0.708680,5774115340288.000000, 4800.221191,   40.430386, 4720.022949,       123,         1048576,000,003,000128
000, 222035968,     846,  237.834778,   20.000000,15233.452148, 2083.227539,10963.553711,    0.341744,6716541370368.000000, 2082.753662, 4266.796387, 2049.282959,        60,         1048576,000,004,000128
001, 272629760,    1039,  283.634186,   20.000000,11393.750000, 5815.742676,11365.054688,    0.459008,6490797637632.000000, 5815.124512,   25.829580, 2232.355957,        70,         1048576,000,004,000128
002, 286785536,    1093,  304.549988,   20.000000,14745.632812, 2454.474121,14719.171875,    0.449441,6422949527552.000000, 2453.857178,   23.696112, 2416.668945,        69,         1048576,000,004,000128
003, 183762944,     700,  211.065353,   20.000000,15146.736328, 2027.944702,15123.207031,    0.321516,6890479157248.000000, 2027.484985,   20.109491, 1995.505737,        55,         1048576,000,004,000128
004, 241958912,     922,  259.971649,   20.000000,14958.878906, 2289.226562,14936.560547,    0.373947,6621556637696.000000, 2288.701660,   19.603411, 2249.572266,        59,         1048576,000,004,000128
005, 203423744,     775,  223.360474,   20.000000,15123.181641, 2138.461914,10975.022461,    0.331888,6793026076672.000000, 2137.998291, 4145.337402, 2098.191895,        51,         1048576,000,004,000128
006, 209453056,     798,  227.304001,   20.000000,15124.737305, 2168.468262,15101.735352,    0.303134,6770820907008.000000, 2168.040527,   19.982779, 2133.539307,        56,         1048576,000,004,000128
007, 246153216,     938,  261.995636,   20.000000,15074.945312, 2269.142822,15050.733398,    0.402194,6605519716352.000000, 2268.594238,   20.844339, 2233.436279,        62,         1048576,000,004,000128
008, 213123072,     812,  234.800964,   20.000000,15254.256836, 1981.870117,11748.237305,    0.377891,6742446964736.000000, 1981.335449, 3503.553955, 1945.562500,        47,         1048576,000,004,000128
009, 206045184,     785,  234.297073,   20.000000,15075.428711, 2162.049316,10787.702148,    0.390064,6795492327424.000000, 2161.536377, 4284.583984, 2127.966797,        63,         1048576,000,004,000128
010, 184025088,     701,  207.795578,   20.000000,15217.889648, 2020.355591,15198.008789,    0.291092,6884310908928.000000, 2019.956299,   16.910112, 1986.322754,        51,         1048576,000,004,000128
011, 154664960,     589,  176.974304,   20.000000,15465.373047, 1796.156982,15448.943359,    0.218838,7003968634880.000000, 1795.846436,   14.084316, 1762.247681,        36,         1048576,000,004,000128
012, 222298112,     847,  245.772720,   20.000000,15035.163086, 2065.963623,11463.310547,    0.342683,6723945365504.000000, 2065.492920, 3569.405029, 2031.721191,        67,         1048576,000,004,000128
013, 214171648,     816,  240.052216,   20.000000,15139.353516, 2180.931641,10936.969727,    0.319037,6738747064320.000000, 2180.486572, 4200.132812, 2144.321289,        48,         1048576,000,004,000128
014, 331350016,    1263,  345.900269,   20.000000,14753.293945, 2449.140381,14727.942383,    0.501161,6219407294464.000000, 2448.457031,   22.175285, 2408.658447,        74,         1048576,000,004,000128
015, 366215168,    1396,  382.544922,   20.000000,14657.599609, 2612.479980,14625.488281,    0.594267,6072608227328.000000, 2611.682373,   28.914934, 2568.263428,        88,         1048576,000,004,000128
000, 840695808,    3206,  864.186340,   20.000000,12370.741211, 5905.314453,12292.575195,    1.574444,3972947247104.000000, 5903.235840,   70.041962, 5812.579590,       196,         1048576,000,000,000512
001,1345585152,    5132, 1270.998535,   20.000000,11510.145508, 6432.889648,11397.258789,    2.426322,1763539288064.000000, 6429.693848,  103.775459, 6323.440430,       331,         1048576,000,000,000512
002, 913047552,    3482,  938.576233,   20.000000,12469.003906, 5871.524414, 9083.482422,    1.701210,3652197285888.000000, 5869.305176, 3378.323730, 5781.315918,       212,         1048576,000,000,000512
003, 654835712,    2497,  730.643066,   20.000000,13046.536133, 5587.658203,12976.677734,    1.496420,4817974460416.000000, 5585.638184,   61.578033, 5501.805176,       172,         1048576,000,000,000512
004, 590872576,    2253,  643.722961,   20.000000,13013.253906, 5233.364258,12944.454102,    1.204844,5101708640256.000000, 5231.796387,   60.349739, 5152.892090,       158,         1048576,000,000,000512
005, 678428672,    2587,  722.208740,   20.000000, 9435.715820, 8564.271484, 9368.662109,    1.409340,4692149534720.000000, 8562.447266,   59.720085, 8480.773438,       160,         1048576,000,000,000512
006, 679215104,    2590,  707.620056,   20.000000,13793.092773, 4760.129395, 7466.376465,    1.288160,4679802552320.000000, 4758.437988, 6320.753418, 4684.902344,       153,         1048576,000,000,000512
007, 551288832,    2102,  596.096191,   20.000000,10073.914062, 8015.695312,10010.983398,    1.137278,5273183322112.000000, 8014.224121,   55.666859, 7938.908203,       146,         1048576,000,000,000512
008, 752091136,    2868,  798.945496,   20.000000, 9171.032227, 8654.322266, 9092.333984,    1.689310,4389914804224.000000, 8652.043945,   70.564774, 5379.142090,       196,         1048576,000,000,000512
009, 524812288,    2001,  581.016724,   20.000000,13846.952148, 4687.432617,13776.164062,    0.993934,5419982913536.000000, 4686.132812,   61.391621, 4613.255371,       164,         1048576,000,000,000512
010, 775946240,    2959,  820.895020,   20.000000,13049.243164, 5375.332520,10114.362305,    1.582973,4310951788544.000000, 5373.306641, 2926.680420, 5285.280762,       223,         1048576,000,000,000512
011, 592969728,    2261,  662.338806,   20.000000,10172.466797, 8477.947266,10102.924805,    1.291781,5096773517312.000000, 8476.299805,   61.236126, 8394.361328,       162,         1048576,000,000,000512
012, 653262848,    2491,  719.787903,   20.000000,12516.559570, 5448.952637, 8617.072266,    1.314196,4811812503552.000000, 5447.231445, 3891.261963, 5363.475098,       161,         1048576,000,000,000512
013, 465567744,    1775,  523.544922,   20.000000,13759.336914, 4602.329102,10064.728516,    0.966570,5674109501440.000000, 4601.069336, 3688.138672, 4527.506348,       144,         1048576,000,000,000512
014, 662437888,    2526,  712.746216,   20.000000,13545.880859, 5059.574707,10293.139648,    1.318702,4787132694528.000000, 5057.870117, 3244.601562, 4976.771484,       176,         1048576,000,000,000512
015, 606076928,    2311,  673.580322,   20.000000,12649.862305, 5349.965332, 8365.414062,    1.230615,5052367372288.000000, 5348.366699, 4275.522461, 5263.966309,       176,         1048576,000,000,000512
000, 641990656,    2448,  689.717529,   20.000000,13616.659180, 5688.225098,13548.880859,    1.238909,4887009558528.000000, 5686.587891,   60.512699, 5595.620605,       180,         1048576,000,001,000512
001, 892076032,    3402,  945.532593,   20.000000,12082.045898, 6801.028320,12003.770508,    1.762525,3761933647872.000000, 6798.731445,   70.741531, 6696.018555,       221,         1048576,000,001,000512
002, 597164032,    2277,  637.496094,   20.000000,14420.896484, 4936.370117,14363.386719,    1.265182,5064656158720.000000, 4934.755859,   50.343624, 4853.297363,       153,         1048576,000,001,000512
003, 691798016,    2638,  773.562805,   20.000000,13196.744141, 5822.552246, 9357.870117,    1.547624,4663721590784.000000, 5820.474121, 3831.754639, 5732.223633,       188,         1048576,000,001,000512
004, 742129664,    2830,  785.812317,   20.000000,13483.537109, 5724.932129,10622.166992,    1.353491,4461396230144.000000, 5723.125488, 2852.592529, 5628.229004,       217,         1048576,000,001,000512
005, 687865856,    2623,  749.744019,   20.000000,13205.328125, 6038.939453, 9866.821289,    1.362297,4679761133568.000000, 6037.152832, 3329.989990, 5945.251953,       187,         1048576,000,001,000512
006, 552861696,    2108,  600.323853,   20.000000,14278.042969, 4878.459473, 7206.581543,    1.157647,5250936209408.000000, 4876.961914, 7064.865234, 4800.872559,       134,         1048576,000,001,000512
007, 525860864,    2005,  572.938904,   20.000000,14462.069336, 4819.446777,14405.336914,    1.006068,5385406119936.000000, 4818.125000,   50.256966, 4740.549805,       140,         1048576,000,001,000512
008, 644087808,    2456,  701.482422,   20.000000,13600.495117, 5419.105957,13542.786133,    1.420751,4838895124480.000000, 5417.181641,   51.387280, 5322.083496,       148,         1048576,000,001,000512
009, 789053440,    3009,  839.705383,   20.000000,13016.787109, 6061.587891, 8688.349609,    1.438212,4235639128064.000000, 6059.714355, 4320.064453, 5961.550293,       212,         1048576,000,001,000512
010, 670826496,    2558,  746.142395,   20.000000,13046.827148, 6137.663574,12979.167969,    1.340940,4745141420032.000000, 6135.913574,   58.948288, 6042.606445,       174,         1048576,000,001,000512
011, 364380160,    1389,  416.816528,   20.000000,15574.345703, 4003.270020,11820.795898,    0.689928,6084874993664.000000, 4002.359863, 3747.753906, 3932.425781,        92,         1048576,000,001,000512
012, 695992320,    2654,  759.212402,   20.000000,13398.827148, 5787.677246,13324.469727,    1.350572,4652618219520.000000, 5785.906250,   66.035721, 5687.810059,       195,         1048576,000,001,000512
013, 481296384,    1835,  547.719666,   20.000000,14153.893555, 5028.055176,14095.610352,    0.938905,5597588094976.000000, 5026.825195,   50.569092, 4943.545410,       142,         1048576,000,001,000512
014, 631242752,    2407,  689.217773,   20.000000,13831.093750, 5268.306641,13773.345703,    1.156620,4888250023936.000000, 5266.783691,   49.022209, 5178.567871,       139,         1048576,000,001,000512
015,1073479680,    4094, 1100.442017,   20.000000,12016.313477, 6765.918945,11926.121094,    2.103860,2951428964352.000000, 6763.227539,   81.773354, 6647.439941,       256,         1048576,000,001,000512
000, 321388544,    1225,  347.518555,   20.000000,14419.070312, 2813.209717,14380.733398,    0.676391,6288397303808.000000, 2812.338867,   34.744736, 2764.176514,        92,         1048576,000,002,000512
001, 355991552,    1357,  389.313507,   20.000000,14045.889648, 3132.037354, 9700.959961,    0.645953,6136653676544.000000, 3131.173828,   32.189255, 3082.913330,       101,         1048576,000,002,000512
002, 198180864,     755,  219.351868,   20.000000,15361.599609, 2029.140259,11045.683594,    0.422979,6887959429120.000000, 2028.599487, 4312.471191, 1994.025146,       108,         1048576,000,002,000512
003, 560726016,    2138,  601.378967,   20.000000,13258.994141, 3784.792236,13205.240234,    1.154619,5212636446720.000000, 3783.227783,   48.935631, 3723.958252,       133,         1048576,000,002,000512
004, 342884352,    1307,  370.794769,   20.000000,14387.250977, 2899.784424,10059.469727,    0.701156,6136657870848.000000, 2898.873291, 4325.274414, 2850.431641,        51,         1048576,000,002,000512
005, 558628864,    2130,  565.197266,   20.000000,13489.936523, 3500.544434, 9139.048828,    1.004817,5217568948224.000000, 3499.202881, 4346.844238, 3440.778564,       129,         1048576,000,002,000512
006, 336330752,    1282,  359.569458,   20.000000,14519.770508, 2857.339111,10273.660156,    0.634852,6285927907328.000000, 2856.498535, 4241.514160, 2809.699219,       147,         1048576,000,002,000512
007, 303300608,    1156,  331.431335,   20.000000,14216.145508, 2747.220947,11397.757812,    0.611590,6357484830720.000000, 2746.425293, 2814.919678, 2703.606934,        80,         1048576,000,002,000512
008, 509870080,    1944,  530.271606,   20.000000,13683.667969, 3394.017334, 9368.441406,    1.122305,5402627407872.000000, 3392.504639, 4311.926758, 3336.056641,        93,         1048576,000,002,000512
009, 370147328,    1411,  399.739990,   20.000000,14418.271484, 2825.291748,10080.621094,    0.736895,6040425332736.000000, 2824.348145,   24.265078, 2778.297607,        77,         1048576,000,002,000512
010, 335282176,    1278,  376.053528,   20.000000,14277.554688, 3088.340576,14236.499023,    0.622325,6221778124800.000000, 3087.518799,   36.665680, 3036.574219,        91,         1048576,000,002,000512
011, 276299776,    1053,  315.809540,   20.000000,14291.854492, 2791.697266,10501.992188,    0.533876,6514158862336.000000, 2790.997314, 3784.657471, 2747.474365,       103,         1048576,000,002,000512
012, 271056896,    1033,  308.079956,   20.000000,14654.979492, 2641.624512,11600.166016,    0.543632,6537598205952.000000, 2640.916016, 3051.163330, 2597.276123,       102,         1048576,000,002,000512
013, 231211008,     881,  264.921478,   20.000000,10650.437500, 6537.772949,10607.726562,    0.411040,6709076033536.000000, 6537.215820,   38.608932, 2311.872559,        89,         1048576,000,002,000512
014, 413401088,    1576,  449.603790,   20.000000,14093.083008, 3248.947998, 9768.381836,    0.932675,5878816178176.000000, 3247.773438, 4320.057129, 3195.714600,       111,         1048576,000,002,000512
015, 473169920,    1804,  514.280945,   20.000000,13333.139648, 3669.441162, 8987.415039,    0.876942,5596308307968.000000, 3668.293213,   32.682819, 3608.143311,       110,         1048576,000,002,000512
000, 731643904,    2790,  831.277100,   20.000000, 9950.495117, 8666.202148, 9876.740234,    1.487667,4463748710400.000000, 8664.229492,   64.459564, 8513.839844,       178,         1048576,000,003,000512
001, 648019968,    2471,  739.109314,   20.000000, 9919.356445, 7921.334473, 9837.944336,    1.464988,4870868828160.000000, 7919.429199,   70.324066, 7777.035156,       189,         1048576,000,003,000512
002,1541668864,    5880, 1618.750366,   20.000000, 6415.238770,11959.509766, 6281.188477,    2.867826,888520179712.000000,11955.739258,  119.059708,11758.208008,       371,         1048576,000,003,000512
003,1172307968,    4471, 1303.509399,   20.000000, 8472.357422,10217.548828, 4192.649414,    2.625586,2563870556160.000000,10214.028320, 4266.257812,10044.294922,       320,         1048576,000,003,000512
004, 843841536,    3218,  959.122986,   20.000000, 8755.729492, 9654.937500, 8668.291016,    1.656584,3973976686592.000000, 9652.747070,   75.437027, 9490.211914,       209,         1048576,000,003,000512
005, 779354112,    2972,  877.464600,   20.000000, 9239.833008, 8770.087891, 5616.283203,    1.619925,4258961555456.000000, 8767.979492, 3612.447266, 8616.534180,       194,         1048576,000,003,000512
006,1132724224,    4320, 1204.979492,   20.000000, 8110.418945, 9888.335938, 8009.342285,    2.163578,2688466812928.000000, 9885.474609,   89.310593, 9719.394531,       269,         1048576,000,003,000512
007,1181483008,    4506, 1300.099243,   20.000000, 7325.801758,11319.600586, 7203.329590,    2.375297,2525621649408.000000,11316.514648,  108.007652,11144.547852,       323,         1048576,000,003,000512
008,1111490560,    4239, 1249.853760,   20.000000, 7694.413574,10992.942383, 4473.457031,    2.473456,2803205144576.000000,10989.550781, 3203.347412,10808.046875,       281,         1048576,000,003,000512
009, 955777024,    3645, 1090.509644,   20.000000, 8371.576172,10215.437500, 8271.928711,    1.875177,3496538537984.000000,10213.004883,   86.116966,10040.480469,       249,         1048576,000,003,000512
010, 866910208,    3306,  999.422607,   20.000000, 7977.780273, 9575.701172, 7884.854004,    1.763970,3883919998976.000000, 9573.406250,   81.328453, 9419.296875,       224,         1048576,000,003,000512
011, 997720064,    3805, 1127.892090,   20.000000, 8897.081055, 9953.585938, 5924.657227,    1.977425,3288037588992.000000, 9951.013672, 2958.239990, 9787.138672,       240,         1048576,000,003,000512
012, 747896832,    2852,  870.308289,   20.000000, 9880.803711, 8823.584961, 9800.611328,    1.471424,4398362656768.000000, 8821.650391,   67.760628, 8672.362305,       187,         1048576,000,003,000512
013,1297612800,    4949, 1434.908936,   20.000000, 6760.268555,11529.407227, 6630.858398,    2.518418,2000074702848.000000,11526.123047,  111.513046,11334.527344,       340,         1048576,000,003,000512
014, 827064320,    3154,  953.621887,   20.000000, 8201.079102, 9356.822266, 8107.273438,    1.656327,4061571317760.000000, 9354.648438,   79.678726, 9194.744141,       216,         1048576,000,003,000512
015,1085276160,    4139, 1228.103516,   20.000000, 7917.378418,10834.693359, 7817.083496,    2.129860,2878456725504.000000,10831.903320,   86.587227,10653.194336,       242,         1048576,000,003,000512
000, 467664896,    1783,  486.166840,   20.000000,14160.785156, 3314.437012,14107.892578,    0.859632,5635711696896.000000, 3313.308105,   47.994446, 3259.785400,       121,         1048576,000,004,000512
001, 162004992,     617,  181.404053,   20.000000,15619.846680, 1841.215088,11436.509766,    0.370900,6996498055168.000000, 1840.740112, 4180.419922, 1806.626953,        58,         1048576,000,004,000512
002, 403701760,    1539,  399.376251,   20.000000,14743.188477, 2287.283447,10930.606445,    0.714533,5931811733504.000000, 2286.345459, 3808.230713, 2249.600830,       117,         1048576,000,004,000512
003, 406847488,    1551,  454.064209,   20.000000,14100.250977, 3316.193848,14051.282227,    0.818155,5913298599936.000000, 3315.065918,   44.829895, 3263.779785,       114,         1048576,000,004,000512
004, 330563584,    1260,  345.580933,   20.000000,15369.863281, 2561.050537,15322.190430,    0.685292,6264901861376.000000, 2560.165527,   43.347042, 2517.606445,       108,         1048576,000,004,000512
005, 468975616,    1788,  485.203583,   20.000000,14603.708984, 3151.411865,10638.909180,    0.938899,5629540827136.000000, 3150.188477, 3961.278320, 3103.769287,       121,         1048576,000,004,000512
006, 293076992,    1117,  322.623840,   20.000000,14943.609375, 2746.540283,10964.692383,    0.549623,6426522025984.000000, 2745.795898, 3974.423584, 2702.164307,        96,         1048576,000,004,000512
007, 418381824,    1595,  445.687958,   20.000000,14123.207031, 3279.618896,14075.113281,    0.836376,5844213170176.000000, 3278.540283,   42.827454, 3231.664551,       102,         1048576,000,004,000512
008, 344195072,    1312,  378.543762,   20.000000,14989.824219, 2827.813965,11197.663086,    0.711622,6197050081280.000000, 2826.830078, 3786.703369, 2780.141357,       105,         1048576,000,004,000512
009, 325320704,    1240,  357.716675,   20.000000,15028.775391, 2719.525146,14979.497070,    0.552257,6294514171904.000000, 2718.788574,   44.456299, 2673.671387,       112,         1048576,000,004,000512
010, 505413632,    1927,  530.573242,   20.000000,14047.856445, 3367.040283,13992.507812,    0.964030,5465459130368.000000, 3365.789551,   50.153042, 3311.743164,       127,         1048576,000,004,000512
011, 636747776,    2428,  617.408875,   20.000000,14013.502930, 2976.305420, 9803.076172,    1.209521,4852310081536.000000, 2974.758545, 4204.981934, 2921.301025,       131,         1048576,000,004,000512
012, 191889408,     731,  221.286926,   20.000000,15600.915039, 2102.777344,11526.124023,    0.404502,6864490201088.000000, 2102.254883, 4070.793457, 2065.609863,        65,         1048576,000,004,000512
013, 326631424,    1245,  364.284363,   20.000000,14633.053711, 2775.494385,10729.971680,    0.664774,6252570607616.000000, 2774.636963, 3899.941162, 2729.544434,        83,         1048576,000,004,000512
014, 378798080,    1444,  412.804504,   20.000000,14054.536133, 2921.822266,14005.885742,    0.714848,6034204655616.000000, 2920.887207,   44.744408, 2874.724854,       105,         1048576,000,004,000512
015, 366739456,    1398,  407.440186,   20.000000,14341.367188, 3179.100830,14295.116211,    0.743035,6087252115456.000000, 3178.142822,   41.898293, 3130.224609,       102,         1048576,000,004,000512
