tid,loop_in_cs,tp,lock_acquires,duration,glock_tries,handovers,handovers_data,array_size(B),nodeID,run,lockNR,la,numa,cache_misses,c_ho,c_hod,cnNR,mnNR,threadNR,maxHandover,colocate
000,00000000,00381932,00005715,010,00250415,00000000,00000000,001024,000,000,00001024,00192435,01,0000018170620511,00000000,00000000,004,002,016,016,1
001,00000000,00382131,00002814,010,00250257,00000000,00000000,001024,000,000,00001024,00192486,01,0000018124218905,00000000,00000000,004,002,016,016,1
002,00000000,00383105,00001960,010,00252127,00000000,00000000,001024,000,000,00001024,00192883,01,0000018297576782,00000000,00000000,004,002,016,016,1
003,00000000,00382622,00001748,010,00250455,00000000,00000000,001024,000,000,00001024,00192688,01,0000018001711303,00000000,00000000,004,002,016,016,1
004,00000000,00381733,00008449,010,00250503,00000000,00000000,001024,000,000,00001024,00191936,01,0000018161180128,00000000,00000000,004,002,016,016,1
005,00000000,00381747,00001992,010,00251275,00000000,00000000,001024,000,000,00001024,00192216,01,0000017780242115,00000000,00000000,004,002,016,016,1
006,00000000,00380816,00002265,010,00250177,00000000,00000000,001024,000,000,00001024,00191591,01,0000018111034133,00000000,00000000,004,002,016,016,1
007,00000000,00380986,00001975,010,00250179,00000000,00000000,001024,000,000,00001024,00192108,01,0000018069844489,00000000,00000000,004,002,016,016,1
008,00000000,00380833,00001935,010,00250595,00000000,00000000,001024,000,000,00001024,00191901,01,0000017796085931,00000000,00000000,004,002,016,016,1
009,00000000,00381369,00002307,010,00250092,00000000,00000000,001024,000,000,00001024,00192052,01,0000017707167230,00000000,00000000,004,002,016,016,1
010,00000000,00380784,00002618,010,00248997,00000000,00000000,001024,000,000,00001024,00191686,01,0000018251751996,00000000,00000000,004,002,016,016,1
011,00000000,00381021,00012344,010,00250475,00000000,00000000,001024,000,000,00001024,00192109,01,0000018223551080,00000000,00000000,004,002,016,016,1
012,00000000,00364236,00002903,010,00239151,00000000,00000000,001024,000,000,00001024,00183419,01,0000001899264681,00000000,00000000,004,002,016,016,1
013,00000000,00382478,00002441,010,00249758,00000000,00000000,001024,000,000,00001024,00192391,01,0000017052813139,00000000,00000000,004,002,016,016,1
014,00000000,00382592,00002948,010,00250887,00000000,00000000,001024,000,000,00001024,00192863,01,0000017725499382,00000000,00000000,004,002,016,016,1
015,00000000,00379609,00002410,010,00249775,00000000,00000000,001024,000,000,00001024,00191379,01,0000017309370786,00000000,00000000,004,002,016,016,1
000,00000000,00603913,00009104,010,00447273,00000000,00000000,001024,001,000,00001024,00304074,01,0000021040856441,00000000,00000000,004,002,016,016,1
001,00000000,00605160,00004404,010,00445736,00000000,00000000,001024,001,000,00001024,00304211,01,0000021003000062,00000000,00000000,004,002,016,016,1
002,00000000,00606225,00003024,010,00444129,00000000,00000000,001024,001,000,00001024,00304567,01,0000020856926498,00000000,00000000,004,002,016,016,1
003,00000000,00604061,00002823,010,00443359,00000000,00000000,001024,001,000,00001024,00303994,01,0000020455625699,00000000,00000000,004,002,016,016,1
004,00000000,00603256,00013433,010,00443719,00000000,00000000,001024,001,000,00001024,00302994,01,0000020338707911,00000000,00000000,004,002,016,016,1
005,00000000,00603410,00003245,010,00441429,00000000,00000000,001024,001,000,00001024,00303200,01,0000020545007044,00000000,00000000,004,002,016,016,1
006,00000000,00602462,00003470,010,00445047,00000000,00000000,001024,001,000,00001024,00303177,01,0000020978773907,00000000,00000000,004,002,016,016,1
007,00000000,00603935,00003210,010,00441157,00000000,00000000,001024,001,000,00001024,00303850,01,0000021009665847,00000000,00000000,004,002,016,016,1
008,00000000,00603974,00003119,010,00441866,00000000,00000000,001024,001,000,00001024,00303983,01,0000020832009931,00000000,00000000,004,002,016,016,1
009,00000000,00598723,00003698,010,00438738,00000000,00000000,001024,001,000,00001024,00301155,01,0000020401915393,00000000,00000000,004,002,016,016,1
010,00000000,00603658,00004158,010,00443065,00000000,00000000,001024,001,000,00001024,00303176,01,0000020990816291,00000000,00000000,004,002,016,016,1
011,00000000,00603791,00019082,010,00444009,00000000,00000000,001024,001,000,00001024,00303762,01,0000021096126586,00000000,00000000,004,002,016,016,1
012,00000000,00604773,00004433,010,00443688,00000000,00000000,001024,001,000,00001024,00303458,01,0000020819200741,00000000,00000000,004,002,016,016,1
013,00000000,00601399,00003701,010,00442449,00000000,00000000,001024,001,000,00001024,00302591,01,0000020307866981,00000000,00000000,004,002,016,016,1
014,00000000,00581489,00004785,010,00422647,00000000,00000000,001024,001,000,00001024,00292478,01,0000002218440488,00000000,00000000,004,002,016,016,1
015,00000000,00600310,00003651,010,00441310,00000000,00000000,001024,001,000,00001024,00303153,01,0000019972762939,00000000,00000000,004,002,016,016,1
000,00000000,00190999,00002895,010,00140336,00000000,00000000,001024,002,000,00001024,00095783,01,0000021843364249,00000000,00000000,004,002,016,016,1
001,00000000,00191183,00001416,010,00140007,00000000,00000000,001024,002,000,00001024,00095869,01,0000022394746362,00000000,00000000,004,002,016,016,1
002,00000000,00190899,00000983,010,00140195,00000000,00000000,001024,002,000,00001024,00095602,01,0000022317477379,00000000,00000000,004,002,016,016,1
003,00000000,00191048,00000960,010,00139091,00000000,00000000,001024,002,000,00001024,00095745,01,0000022024956941,00000000,00000000,004,002,016,016,1
004,00000000,00190882,00004192,010,00139653,00000000,00000000,001024,002,000,00001024,00095851,01,0000022372521255,00000000,00000000,004,002,016,016,1
005,00000000,00190639,00000972,010,00139173,00000000,00000000,001024,002,000,00001024,00095545,01,0000021691990154,00000000,00000000,004,002,016,016,1
006,00000000,00190867,00001096,010,00140318,00000000,00000000,001024,002,000,00001024,00095740,01,0000022368262005,00000000,00000000,004,002,016,016,1
007,00000000,00190962,00001008,010,00138836,00000000,00000000,001024,002,000,00001024,00095717,01,0000022295505620,00000000,00000000,004,002,016,016,1
008,00000000,00190399,00001018,010,00139883,00000000,00000000,001024,002,000,00001024,00095889,01,0000022051180667,00000000,00000000,004,002,016,016,1
009,00000000,00190489,00001169,010,00140340,00000000,00000000,001024,002,000,00001024,00095475,01,0000021609596120,00000000,00000000,004,002,016,016,1
010,00000000,00190634,00001397,010,00139306,00000000,00000000,001024,002,000,00001024,00096008,01,0000022049135704,00000000,00000000,004,002,016,016,1
011,00000000,00190777,00006082,010,00139583,00000000,00000000,001024,002,000,00001024,00095782,01,0000022192229019,00000000,00000000,004,002,016,016,1
012,00000000,00190927,00001423,010,00140094,00000000,00000000,001024,002,000,00001024,00095665,01,0000021968900939,00000000,00000000,004,002,016,016,1
013,00000000,00190727,00001153,010,00140041,00000000,00000000,001024,002,000,00001024,00095583,01,0000021556379496,00000000,00000000,004,002,016,016,1
014,00000000,00190748,00001467,010,00139987,00000000,00000000,001024,002,000,00001024,00095804,01,0000021741691826,00000000,00000000,004,002,016,016,1
015,00000000,00191292,00001133,010,00139301,00000000,00000000,001024,002,000,00001024,00095674,01,0000020780903012,00000000,00000000,004,002,016,016,1
000,00000000,00190972,00002987,010,00140611,00000000,00000000,001024,003,000,00001024,00096068,01,0000022439617604,00000000,00000000,004,002,016,016,1
001,00000000,00191164,00001307,010,00139949,00000000,00000000,001024,003,000,00001024,00095719,01,0000022428969306,00000000,00000000,004,002,016,016,1
002,00000000,00191147,00001014,010,00139535,00000000,00000000,001024,003,000,00001024,00095682,01,0000022385736451,00000000,00000000,004,002,016,016,1
003,00000000,00191145,00000922,010,00139902,00000000,00000000,001024,003,000,00001024,00095968,01,0000022154124886,00000000,00000000,004,002,016,016,1
004,00000000,00191054,00004169,010,00140495,00000000,00000000,001024,003,000,00001024,00096008,01,0000022423717524,00000000,00000000,004,002,016,016,1
005,00000000,00190929,00001029,010,00139747,00000000,00000000,001024,003,000,00001024,00095799,01,0000021460443516,00000000,00000000,004,002,016,016,1
006,00000000,00190764,00001133,010,00140222,00000000,00000000,001024,003,000,00001024,00096013,01,0000022309415674,00000000,00000000,004,002,016,016,1
007,00000000,00190889,00001033,010,00140567,00000000,00000000,001024,003,000,00001024,00095663,01,0000022195635120,00000000,00000000,004,002,016,016,1
008,00000000,00191069,00000991,010,00138584,00000000,00000000,001024,003,000,00001024,00095465,01,0000022153957247,00000000,00000000,004,002,016,016,1
009,00000000,00191003,00001168,010,00138755,00000000,00000000,001024,003,000,00001024,00095512,01,0000021557679085,00000000,00000000,004,002,016,016,1
010,00000000,00191328,00001351,010,00138859,00000000,00000000,001024,003,000,00001024,00095727,01,0000022384956257,00000000,00000000,004,002,016,016,1
011,00000000,00190716,00006184,010,00140514,00000000,00000000,001024,003,000,00001024,00095949,01,0000022374353248,00000000,00000000,004,002,016,016,1
012,00000000,00191246,00001372,010,00140057,00000000,00000000,001024,003,000,00001024,00095711,01,0000022144302810,00000000,00000000,004,002,016,016,1
013,00000000,00190837,00001151,010,00139497,00000000,00000000,001024,003,000,00001024,00095549,01,0000021632416923,00000000,00000000,004,002,016,016,1
014,00000000,00190825,00001569,010,00140364,00000000,00000000,001024,003,000,00001024,00095874,01,0000021778817780,00000000,00000000,004,002,016,016,1
015,00000000,00191274,00001222,010,00139804,00000000,00000000,001024,003,000,00001024,00095981,01,0000021362852649,00000000,00000000,004,002,016,016,1
000,00000000,00451128,00003335,010,00312446,00000000,00000000,001024,000,001,00001024,00227032,01,0000014930889630,00000000,00000000,004,002,016,016,1
001,00000000,00448549,00002557,010,00310734,00000000,00000000,001024,000,001,00001024,00225655,01,0000014791315915,00000000,00000000,004,002,016,016,1
002,00000000,00451621,00002567,010,00311638,00000000,00000000,001024,000,001,00001024,00227350,01,0000014942032332,00000000,00000000,004,002,016,016,1
003,00000000,00448211,00002329,010,00310553,00000000,00000000,001024,000,001,00001024,00225531,01,0000014894374889,00000000,00000000,004,002,016,016,1
004,00000000,00453801,00009919,010,00312171,00000000,00000000,001024,000,001,00001024,00228107,01,0000014927129228,00000000,00000000,004,002,016,016,1
005,00000000,00451183,00003382,010,00311730,00000000,00000000,001024,000,001,00001024,00227489,01,0000014560859695,00000000,00000000,004,002,016,016,1
006,00000000,00451076,00004414,010,00311899,00000000,00000000,001024,000,001,00001024,00226940,01,0000014956532056,00000000,00000000,004,002,016,016,1
007,00000000,00448245,00002293,010,00310231,00000000,00000000,001024,000,001,00001024,00225240,01,0000014748450820,00000000,00000000,004,002,016,016,1
008,00000000,00450336,00002245,010,00310685,00000000,00000000,001024,000,001,00001024,00226298,01,0000014591152663,00000000,00000000,004,002,016,016,1
009,00000000,00453620,00002614,010,00312715,00000000,00000000,001024,000,001,00001024,00228486,01,0000014644600495,00000000,00000000,004,002,016,016,1
010,00000000,00449380,00003181,010,00311574,00000000,00000000,001024,000,001,00001024,00226798,01,0000014834176469,00000000,00000000,004,002,016,016,1
011,00000000,00451649,00006999,010,00311321,00000000,00000000,001024,000,001,00001024,00227486,01,0000014991470899,00000000,00000000,004,002,016,016,1
012,00000000,00451594,00003553,010,00312445,00000000,00000000,001024,000,001,00001024,00227360,01,0000014908264659,00000000,00000000,004,002,016,016,1
013,00000000,00448626,00002721,010,00309414,00000000,00000000,001024,000,001,00001024,00226444,01,0000014506032541,00000000,00000000,004,002,016,016,1
014,00000000,00452166,00004809,010,00310757,00000000,00000000,001024,000,001,00001024,00227662,01,0000014660324838,00000000,00000000,004,002,016,016,1
015,00000000,00429022,00003212,010,00297502,00000000,00000000,001024,000,001,00001024,00216005,01,0000001591419313,00000000,00000000,004,002,016,016,1
000,00000000,00608483,00004439,010,00431942,00000000,00000000,001024,001,001,00001024,00306078,01,0000019846802489,00000000,00000000,004,002,016,016,1
001,00000000,00607968,00003294,010,00430594,00000000,00000000,001024,001,001,00001024,00305603,01,0000020110341259,00000000,00000000,004,002,016,016,1
002,00000000,00608784,00003490,010,00431466,00000000,00000000,001024,001,001,00001024,00306553,01,0000020073948572,00000000,00000000,004,002,016,016,1
003,00000000,00607702,00003171,010,00432309,00000000,00000000,001024,001,001,00001024,00305939,01,0000019637200299,00000000,00000000,004,002,016,016,1
004,00000000,00607381,00013236,010,00430535,00000000,00000000,001024,001,001,00001024,00305806,01,0000019979482220,00000000,00000000,004,002,016,016,1
005,00000000,00605234,00004528,010,00429244,00000000,00000000,001024,001,001,00001024,00304925,01,0000019595663264,00000000,00000000,004,002,016,016,1
006,00000000,00607778,00005814,010,00431710,00000000,00000000,001024,001,001,00001024,00305581,01,0000020136773096,00000000,00000000,004,002,016,016,1
007,00000000,00606419,00003081,010,00429034,00000000,00000000,001024,001,001,00001024,00305302,01,0000020019166576,00000000,00000000,004,002,016,016,1
008,00000000,00606794,00003058,010,00429473,00000000,00000000,001024,001,001,00001024,00305030,01,0000019621531353,00000000,00000000,004,002,016,016,1
009,00000000,00607196,00003655,010,00429631,00000000,00000000,001024,001,001,00001024,00305446,01,0000019191659605,00000000,00000000,004,002,016,016,1
010,00000000,00607521,00004369,010,00428511,00000000,00000000,001024,001,001,00001024,00305604,01,0000020048324444,00000000,00000000,004,002,016,016,1
011,00000000,00606449,00009253,010,00428008,00000000,00000000,001024,001,001,00001024,00304793,01,0000019991242458,00000000,00000000,004,002,016,016,1
012,00000000,00582441,00004686,010,00408183,00000000,00000000,001024,001,001,00001024,00292207,01,0000002012793590,00000000,00000000,004,002,016,016,1
013,00000000,00605012,00003801,010,00427469,00000000,00000000,001024,001,001,00001024,00304099,01,0000019363967118,00000000,00000000,004,002,016,016,1
014,00000000,00606692,00006653,010,00428019,00000000,00000000,001024,001,001,00001024,00304920,01,0000019539266397,00000000,00000000,004,002,016,016,1
015,00000000,00605309,00004587,010,00430340,00000000,00000000,001024,001,001,00001024,00305250,01,0000019234486505,00000000,00000000,004,002,016,016,1
000,00000000,00221464,00001593,010,00162468,00000000,00000000,001024,002,001,00001024,00111291,01,0000021961481423,00000000,00000000,004,002,016,016,1
001,00000000,00221526,00001226,010,00162504,00000000,00000000,001024,002,001,00001024,00111098,01,0000022141192112,00000000,00000000,004,002,016,016,1
002,00000000,00221624,00001271,010,00161280,00000000,00000000,001024,002,001,00001024,00110873,01,0000021947660997,00000000,00000000,004,002,016,016,1
003,00000000,00221084,00001108,010,00162431,00000000,00000000,001024,002,001,00001024,00111073,01,0000021832691394,00000000,00000000,004,002,016,016,1
004,00000000,00220812,00004808,010,00161716,00000000,00000000,001024,002,001,00001024,00111039,01,0000022239428526,00000000,00000000,004,002,016,016,1
005,00000000,00220986,00001646,010,00162576,00000000,00000000,001024,002,001,00001024,00110845,01,0000021654290731,00000000,00000000,004,002,016,016,1
006,00000000,00221212,00002124,010,00161915,00000000,00000000,001024,002,001,00001024,00111120,01,0000022179272019,00000000,00000000,004,002,016,016,1
007,00000000,00221609,00001168,010,00162403,00000000,00000000,001024,002,001,00001024,00110988,01,0000022228677586,00000000,00000000,004,002,016,016,1
008,00000000,00221009,00001143,010,00162375,00000000,00000000,001024,002,001,00001024,00110988,01,0000022088634362,00000000,00000000,004,002,016,016,1
009,00000000,00221396,00001302,010,00161830,00000000,00000000,001024,002,001,00001024,00110824,01,0000021447105433,00000000,00000000,004,002,016,016,1
010,00000000,00221229,00001532,010,00162056,00000000,00000000,001024,002,001,00001024,00111070,01,0000022050329124,00000000,00000000,004,002,016,016,1
011,00000000,00221393,00003354,010,00161859,00000000,00000000,001024,002,001,00001024,00111104,01,0000022183571782,00000000,00000000,004,002,016,016,1
012,00000000,00221102,00001649,010,00161729,00000000,00000000,001024,002,001,00001024,00110888,01,0000022003100966,00000000,00000000,004,002,016,016,1
013,00000000,00220678,00001367,010,00161807,00000000,00000000,001024,002,001,00001024,00110812,01,0000021520371094,00000000,00000000,004,002,016,016,1
014,00000000,00221399,00002474,010,00162193,00000000,00000000,001024,002,001,00001024,00110938,01,0000021635635547,00000000,00000000,004,002,016,016,1
015,00000000,00221431,00001588,010,00162116,00000000,00000000,001024,002,001,00001024,00111295,01,0000021077083235,00000000,00000000,004,002,016,016,1
000,00000000,00221652,00001544,010,00161590,00000000,00000000,001024,003,001,00001024,00111453,01,0000021770710078,00000000,00000000,004,002,016,016,1
001,00000000,00222224,00001304,010,00161422,00000000,00000000,001024,003,001,00001024,00110801,01,0000021539132204,00000000,00000000,004,002,016,016,1
002,00000000,00221939,00001247,010,00162028,00000000,00000000,001024,003,001,00001024,00111251,01,0000022198023777,00000000,00000000,004,002,016,016,1
003,00000000,00221829,00001164,010,00161181,00000000,00000000,001024,003,001,00001024,00111123,01,0000022010183713,00000000,00000000,004,002,016,016,1
004,00000000,00221644,00004887,010,00161319,00000000,00000000,001024,003,001,00001024,00111145,01,0000022087381253,00000000,00000000,004,002,016,016,1
005,00000000,00221641,00001669,010,00162559,00000000,00000000,001024,003,001,00001024,00111075,01,0000020810902009,00000000,00000000,004,002,016,016,1
006,00000000,00221827,00002160,010,00162532,00000000,00000000,001024,003,001,00001024,00111134,01,0000022246737950,00000000,00000000,004,002,016,016,1
007,00000000,00221448,00001106,010,00162434,00000000,00000000,001024,003,001,00001024,00111295,01,0000022102256379,00000000,00000000,004,002,016,016,1
008,00000000,00221859,00001138,010,00160710,00000000,00000000,001024,003,001,00001024,00111100,01,0000021781982172,00000000,00000000,004,002,016,016,1
009,00000000,00221760,00001289,010,00161089,00000000,00000000,001024,003,001,00001024,00111437,01,0000021374318630,00000000,00000000,004,002,016,016,1
010,00000000,00221873,00001549,010,00161294,00000000,00000000,001024,003,001,00001024,00111209,01,0000022143573163,00000000,00000000,004,002,016,016,1
011,00000000,00221922,00003353,010,00160995,00000000,00000000,001024,003,001,00001024,00111392,01,0000022094268744,00000000,00000000,004,002,016,016,1
012,00000000,00221710,00001665,010,00162425,00000000,00000000,001024,003,001,00001024,00111038,01,0000021954522947,00000000,00000000,004,002,016,016,1
013,00000000,00221932,00001399,010,00160575,00000000,00000000,001024,003,001,00001024,00111355,01,0000021545200157,00000000,00000000,004,002,016,016,1
014,00000000,00221541,00002317,010,00162380,00000000,00000000,001024,003,001,00001024,00111354,01,0000021402111060,00000000,00000000,004,002,016,016,1
015,00000000,00221789,00001636,010,00160981,00000000,00000000,001024,003,001,00001024,00111151,01,0000021113269287,00000000,00000000,004,002,016,016,1
000,00000000,00382597,00003858,010,00282952,00000000,00000000,001024,000,002,00001024,00192767,01,0000011814571762,00000000,00000000,004,002,016,016,1
001,00000000,00383025,00001779,010,00282300,00000000,00000000,001024,000,002,00001024,00193121,01,0000011731793314,00000000,00000000,004,002,016,016,1
002,00000000,00383486,00002067,010,00282652,00000000,00000000,001024,000,002,00001024,00193790,01,0000011689230990,00000000,00000000,004,002,016,016,1
003,00000000,00378889,00003349,010,00279411,00000000,00000000,001024,000,002,00001024,00191002,01,0000011510208391,00000000,00000000,004,002,016,016,1
004,00000000,00383464,00008532,010,00282134,00000000,00000000,001024,000,002,00001024,00193321,01,0000011810967100,00000000,00000000,004,002,016,016,1
005,00000000,00378570,00003330,010,00280055,00000000,00000000,001024,000,002,00001024,00190347,01,0000011411010873,00000000,00000000,004,002,016,016,1
006,00000000,00383023,00002518,010,00282341,00000000,00000000,001024,000,002,00001024,00193073,01,0000011608497670,00000000,00000000,004,002,016,016,1
007,00000000,00375730,00002213,010,00281456,00000000,00000000,001024,000,002,00001024,00190323,01,0000011500556129,00000000,00000000,004,002,016,016,1
008,00000000,00383418,00001808,010,00283092,00000000,00000000,001024,000,002,00001024,00192823,01,0000011619387362,00000000,00000000,004,002,016,016,1
009,00000000,00385133,00002116,010,00283357,00000000,00000000,001024,000,002,00001024,00193943,01,0000011581068925,00000000,00000000,004,002,016,016,1
010,00000000,00384625,00002986,010,00281744,00000000,00000000,001024,000,002,00001024,00193632,01,0000011816989069,00000000,00000000,004,002,016,016,1
011,00000000,00381145,00005676,010,00282589,00000000,00000000,001024,000,002,00001024,00192552,01,0000011776136609,00000000,00000000,004,002,016,016,1
012,00000000,00367974,00002575,010,00271879,00000000,00000000,001024,000,002,00001024,00185451,01,0000001299824774,00000000,00000000,004,002,016,016,1
013,00000000,00383502,00002277,010,00283762,00000000,00000000,001024,000,002,00001024,00193737,01,0000011472262568,00000000,00000000,004,002,016,016,1
014,00000000,00381893,00002836,010,00283455,00000000,00000000,001024,000,002,00001024,00193404,01,0000011516101619,00000000,00000000,004,002,016,016,1
015,00000000,00384669,00002599,010,00282168,00000000,00000000,001024,000,002,00001024,00193433,01,0000011273143310,00000000,00000000,004,002,016,016,1
000,00000000,00497382,00005060,010,00352092,00000000,00000000,001024,001,002,00001024,00250432,01,0000018248393142,00000000,00000000,004,002,016,016,1
001,00000000,00497645,00002292,010,00352278,00000000,00000000,001024,001,002,00001024,00249630,01,0000017964924372,00000000,00000000,004,002,016,016,1
002,00000000,00496631,00002580,010,00352811,00000000,00000000,001024,001,002,00001024,00249700,01,0000018085168152,00000000,00000000,004,002,016,016,1
003,00000000,00494974,00004248,010,00349847,00000000,00000000,001024,001,002,00001024,00248986,01,0000017895147035,00000000,00000000,004,002,016,016,1
004,00000000,00496616,00010915,010,00349463,00000000,00000000,001024,001,002,00001024,00250160,01,0000018340661376,00000000,00000000,004,002,016,016,1
005,00000000,00497114,00004123,010,00350263,00000000,00000000,001024,001,002,00001024,00249627,01,0000017818008416,00000000,00000000,004,002,016,016,1
006,00000000,00495505,00003169,010,00349866,00000000,00000000,001024,001,002,00001024,00249327,01,0000018206987167,00000000,00000000,004,002,016,016,1
007,00000000,00495890,00002805,010,00350099,00000000,00000000,001024,001,002,00001024,00249583,01,0000018167083793,00000000,00000000,004,002,016,016,1
008,00000000,00495628,00002337,010,00348853,00000000,00000000,001024,001,002,00001024,00249243,01,0000018185914948,00000000,00000000,004,002,016,016,1
009,00000000,00494925,00002708,010,00349387,00000000,00000000,001024,001,002,00001024,00248591,01,0000017505531782,00000000,00000000,004,002,016,016,1
010,00000000,00496446,00003905,010,00349919,00000000,00000000,001024,001,002,00001024,00249817,01,0000018362124090,00000000,00000000,004,002,016,016,1
011,00000000,00495102,00007110,010,00349849,00000000,00000000,001024,001,002,00001024,00248556,01,0000018108150960,00000000,00000000,004,002,016,016,1
012,00000000,00495003,00003350,010,00349263,00000000,00000000,001024,001,002,00001024,00249051,01,0000018032075755,00000000,00000000,004,002,016,016,1
013,00000000,00474805,00002978,010,00335460,00000000,00000000,001024,001,002,00001024,00238119,01,0000002024951860,00000000,00000000,004,002,016,016,1
014,00000000,00496431,00003568,010,00350186,00000000,00000000,001024,001,002,00001024,00249614,01,0000016968402048,00000000,00000000,004,002,016,016,1
015,00000000,00497166,00003250,010,00350003,00000000,00000000,001024,001,002,00001024,00249995,01,0000017529192353,00000000,00000000,004,002,016,016,1
000,00000000,00217978,00002211,010,00163004,00000000,00000000,001024,002,002,00001024,00109514,01,0000021559128680,00000000,00000000,004,002,016,016,1
001,00000000,00218179,00001081,010,00160758,00000000,00000000,001024,002,002,00001024,00109353,01,0000021993112654,00000000,00000000,004,002,016,016,1
002,00000000,00217803,00001131,010,00161820,00000000,00000000,001024,002,002,00001024,00109193,01,0000021938142826,00000000,00000000,004,002,016,016,1
003,00000000,00216965,00001859,010,00162677,00000000,00000000,001024,002,002,00001024,00109073,01,0000021813866262,00000000,00000000,004,002,016,016,1
004,00000000,00217682,00004845,010,00162407,00000000,00000000,001024,002,002,00001024,00109049,01,0000022047721376,00000000,00000000,004,002,016,016,1
005,00000000,00216968,00001797,010,00162527,00000000,00000000,001024,002,002,00001024,00108663,01,0000021532575533,00000000,00000000,004,002,016,016,1
006,00000000,00217435,00001448,010,00163890,00000000,00000000,001024,002,002,00001024,00109338,01,0000021710398321,00000000,00000000,004,002,016,016,1
007,00000000,00217769,00001222,010,00163269,00000000,00000000,001024,002,002,00001024,00109133,01,0000021947796743,00000000,00000000,004,002,016,016,1
008,00000000,00217934,00000984,010,00161592,00000000,00000000,001024,002,002,00001024,00109409,01,0000021269210499,00000000,00000000,004,002,016,016,1
009,00000000,00217723,00001191,010,00163163,00000000,00000000,001024,002,002,00001024,00109442,01,0000021245781677,00000000,00000000,004,002,016,016,1
010,00000000,00218408,00001670,010,00161696,00000000,00000000,001024,002,002,00001024,00109257,01,0000021794307243,00000000,00000000,004,002,016,016,1
011,00000000,00217771,00003256,010,00163276,00000000,00000000,001024,002,002,00001024,00109399,01,0000022049958224,00000000,00000000,004,002,016,016,1
012,00000000,00217810,00001477,010,00162988,00000000,00000000,001024,002,002,00001024,00109141,01,0000021913275807,00000000,00000000,004,002,016,016,1
013,00000000,00217731,00001252,010,00163131,00000000,00000000,001024,002,002,00001024,00108918,01,0000021166974034,00000000,00000000,004,002,016,016,1
014,00000000,00218002,00001547,010,00162910,00000000,00000000,001024,002,002,00001024,00109176,01,0000021318575731,00000000,00000000,004,002,016,016,1
015,00000000,00217804,00001454,010,00163238,00000000,00000000,001024,002,002,00001024,00109530,01,0000020843003159,00000000,00000000,004,002,016,016,1
000,00000000,00218014,00002346,010,00162979,00000000,00000000,001024,003,002,00001024,00109193,01,0000021751885887,00000000,00000000,004,002,016,016,1
001,00000000,00217977,00001070,010,00162536,00000000,00000000,001024,003,002,00001024,00109485,01,0000022002264518,00000000,00000000,004,002,016,016,1
002,00000000,00217614,00001126,010,00163771,00000000,00000000,001024,003,002,00001024,00109143,01,0000021951859980,00000000,00000000,004,002,016,016,1
003,00000000,00217482,00001884,010,00163106,00000000,00000000,001024,003,002,00001024,00109067,01,0000021665291309,00000000,00000000,004,002,016,016,1
004,00000000,00217779,00004770,010,00163010,00000000,00000000,001024,003,002,00001024,00109374,01,0000022018028943,00000000,00000000,004,002,016,016,1
005,00000000,00217615,00001911,010,00162995,00000000,00000000,001024,003,002,00001024,00108975,01,0000021321793199,00000000,00000000,004,002,016,016,1
006,00000000,00217404,00001408,010,00163378,00000000,00000000,001024,003,002,00001024,00108883,01,0000021963060262,00000000,00000000,004,002,016,016,1
007,00000000,00217662,00001255,010,00163745,00000000,00000000,001024,003,002,00001024,00109554,01,0000021807117229,00000000,00000000,004,002,016,016,1
008,00000000,00217448,00001017,010,00164304,00000000,00000000,001024,003,002,00001024,00109434,01,0000021705486368,00000000,00000000,004,002,016,016,1
009,00000000,00218219,00001217,010,00162106,00000000,00000000,001024,003,002,00001024,00109104,01,0000021334170270,00000000,00000000,004,002,016,016,1
010,00000000,00217374,00001656,010,00161373,00000000,00000000,001024,003,002,00001024,00108900,01,0000021997156963,00000000,00000000,004,002,016,016,1
011,00000000,00218011,00003191,010,00162750,00000000,00000000,001024,003,002,00001024,00109203,01,0000021955851890,00000000,00000000,004,002,016,016,1
012,00000000,00217248,00001469,010,00163947,00000000,00000000,001024,003,002,00001024,00109340,01,0000021740587062,00000000,00000000,004,002,016,016,1
013,00000000,00218259,00001283,010,00162012,00000000,00000000,001024,003,002,00001024,00109123,01,0000021304640406,00000000,00000000,004,002,016,016,1
014,00000000,00217412,00001544,010,00163061,00000000,00000000,001024,003,002,00001024,00109216,01,0000021331470304,00000000,00000000,004,002,016,016,1
015,00000000,00217518,00001482,010,00163736,00000000,00000000,001024,003,002,00001024,00109385,01,0000020866302249,00000000,00000000,004,002,016,016,1
000,00000000,00375774,00052925,010,00282767,00000000,00000000,001024,000,000,00000128,00188831,01,0000018265729393,00000000,00000000,004,002,016,016,1
001,00000000,00377293,00020334,010,00283712,00000000,00000000,001024,000,000,00000128,00189723,01,0000018535174794,00000000,00000000,004,002,016,016,1
002,00000000,00376590,00025251,010,00283076,00000000,00000000,001024,000,000,00000128,00190014,01,0000018432654418,00000000,00000000,004,002,016,016,1
003,00000000,00376275,00019285,010,00282273,00000000,00000000,001024,000,000,00000128,00189727,01,0000018350300573,00000000,00000000,004,002,016,016,1
004,00000000,00376097,00029347,010,00283671,00000000,00000000,001024,000,000,00000128,00189668,01,0000018576822756,00000000,00000000,004,002,016,016,1
005,00000000,00376206,00044609,010,00283053,00000000,00000000,001024,000,000,00000128,00190099,01,0000018025554750,00000000,00000000,004,002,016,016,1
006,00000000,00376299,00020261,010,00281857,00000000,00000000,001024,000,000,00000128,00190064,01,0000018498312656,00000000,00000000,004,002,016,016,1
007,00000000,00375993,00033686,010,00282554,00000000,00000000,001024,000,000,00000128,00189864,01,0000018410938083,00000000,00000000,004,002,016,016,1
008,00000000,00377214,00022386,010,00282789,00000000,00000000,001024,000,000,00000128,00189953,01,0000018390621941,00000000,00000000,004,002,016,016,1
009,00000000,00375656,00021868,010,00283072,00000000,00000000,001024,000,000,00000128,00189164,01,0000016956574283,00000000,00000000,004,002,016,016,1
010,00000000,00376244,00019221,010,00283262,00000000,00000000,001024,000,000,00000128,00190041,01,0000018551163553,00000000,00000000,004,002,016,016,1
011,00000000,00375886,00034219,010,00282069,00000000,00000000,001024,000,000,00000128,00189232,01,0000018643869311,00000000,00000000,004,002,016,016,1
012,00000000,00375083,00021109,010,00282647,00000000,00000000,001024,000,000,00000128,00189522,01,0000018354457101,00000000,00000000,004,002,016,016,1
013,00000000,00362017,00020935,010,00272051,00000000,00000000,001024,000,000,00000128,00182736,01,0000002045140422,00000000,00000000,004,002,016,016,1
014,00000000,00376131,00024318,010,00282786,00000000,00000000,001024,000,000,00000128,00190015,01,0000017268718486,00000000,00000000,004,002,016,016,1
015,00000000,00375410,00020660,010,00282165,00000000,00000000,001024,000,000,00000128,00189467,01,0000017621376009,00000000,00000000,004,002,016,016,1
000,00000000,00588728,00082934,010,00523690,00000000,00000000,001024,001,000,00000128,00296056,01,0000020548851910,00000000,00000000,004,002,016,016,1
001,00000000,00590922,00031100,010,00521497,00000000,00000000,001024,001,000,00000128,00296802,01,0000020683105204,00000000,00000000,004,002,016,016,1
002,00000000,00590559,00038959,010,00524159,00000000,00000000,001024,001,000,00000128,00296583,01,0000020708361968,00000000,00000000,004,002,016,016,1
003,00000000,00586299,00030064,010,00515080,00000000,00000000,001024,001,000,00000128,00294378,01,0000020497388856,00000000,00000000,004,002,016,016,1
004,00000000,00588901,00045793,010,00515688,00000000,00000000,001024,001,000,00000128,00295860,01,0000020734217736,00000000,00000000,004,002,016,016,1
005,00000000,00590004,00069563,010,00519394,00000000,00000000,001024,001,000,00000128,00296347,01,0000020239211667,00000000,00000000,004,002,016,016,1
006,00000000,00588557,00031853,010,00518494,00000000,00000000,001024,001,000,00000128,00296381,01,0000020656227197,00000000,00000000,004,002,016,016,1
007,00000000,00586746,00052467,010,00515687,00000000,00000000,001024,001,000,00000128,00295460,01,0000020554407490,00000000,00000000,004,002,016,016,1
008,00000000,00587297,00036030,010,00516379,00000000,00000000,001024,001,000,00000128,00295424,01,0000020381339198,00000000,00000000,004,002,016,016,1
009,00000000,00587972,00033609,010,00518623,00000000,00000000,001024,001,000,00000128,00296048,01,0000020279053236,00000000,00000000,004,002,016,016,1
010,00000000,00586898,00029880,010,00519753,00000000,00000000,001024,001,000,00000128,00295363,01,0000020663528913,00000000,00000000,004,002,016,016,1
011,00000000,00587633,00053766,010,00519371,00000000,00000000,001024,001,000,00000128,00295742,01,0000020737018235,00000000,00000000,004,002,016,016,1
012,00000000,00587962,00033147,010,00518888,00000000,00000000,001024,001,000,00000128,00295289,01,0000020481094106,00000000,00000000,004,002,016,016,1
013,00000000,00565409,00032700,010,00495000,00000000,00000000,001024,001,000,00000128,00284758,01,0000002258232287,00000000,00000000,004,002,016,016,1
014,00000000,00586408,00037850,010,00520745,00000000,00000000,001024,001,000,00000128,00294892,01,0000020277145958,00000000,00000000,004,002,016,016,1
015,00000000,00588149,00031618,010,00517230,00000000,00000000,001024,001,000,00000128,00295734,01,0000019550933048,00000000,00000000,004,002,016,016,1
000,00000000,00186817,00026511,010,00164676,00000000,00000000,001024,002,000,00000128,00093724,01,0000021850530463,00000000,00000000,004,002,016,016,1
001,00000000,00186640,00009957,010,00163081,00000000,00000000,001024,002,000,00000128,00093698,01,0000022338205744,00000000,00000000,004,002,016,016,1
002,00000000,00186846,00012558,010,00163380,00000000,00000000,001024,002,000,00000128,00093728,01,0000022192593851,00000000,00000000,004,002,016,016,1
003,00000000,00186689,00009500,010,00163867,00000000,00000000,001024,002,000,00000128,00093784,01,0000022069505029,00000000,00000000,004,002,016,016,1
004,00000000,00186888,00014627,010,00163631,00000000,00000000,001024,002,000,00000128,00093732,01,0000022349594010,00000000,00000000,004,002,016,016,1
005,00000000,00186875,00022164,010,00163084,00000000,00000000,001024,002,000,00000128,00093723,01,0000021479743547,00000000,00000000,004,002,016,016,1
006,00000000,00186698,00010020,010,00163184,00000000,00000000,001024,002,000,00000128,00093850,01,0000022275730918,00000000,00000000,004,002,016,016,1
007,00000000,00186884,00016652,010,00162952,00000000,00000000,001024,002,000,00000128,00093851,01,0000022353528988,00000000,00000000,004,002,016,016,1
008,00000000,00186861,00011133,010,00162568,00000000,00000000,001024,002,000,00000128,00093756,01,0000021938226601,00000000,00000000,004,002,016,016,1
009,00000000,00186715,00010535,010,00162536,00000000,00000000,001024,002,000,00000128,00093896,01,0000021637902418,00000000,00000000,004,002,016,016,1
010,00000000,00186611,00009586,010,00163812,00000000,00000000,001024,002,000,00000128,00093439,01,0000022330312183,00000000,00000000,004,002,016,016,1
011,00000000,00187155,00017207,010,00162443,00000000,00000000,001024,002,000,00000128,00093807,01,0000022177961325,00000000,00000000,004,002,016,016,1
012,00000000,00186853,00010498,010,00164568,00000000,00000000,001024,002,000,00000128,00093803,01,0000022077513151,00000000,00000000,004,002,016,016,1
013,00000000,00186789,00010395,010,00163884,00000000,00000000,001024,002,000,00000128,00093614,01,0000021379318292,00000000,00000000,004,002,016,016,1
014,00000000,00186817,00011849,010,00162509,00000000,00000000,001024,002,000,00000128,00093699,01,0000021659277162,00000000,00000000,004,002,016,016,1
015,00000000,00187331,00010215,010,00164274,00000000,00000000,001024,002,000,00000128,00093690,01,0000020974161653,00000000,00000000,004,002,016,016,1
000,00000000,00186745,00026401,010,00163792,00000000,00000000,001024,003,000,00000128,00093557,01,0000022142109811,00000000,00000000,004,002,016,016,1
001,00000000,00186389,00010072,010,00164025,00000000,00000000,001024,003,000,00000128,00093882,01,0000022119061812,00000000,00000000,004,002,016,016,1
002,00000000,00186815,00012412,010,00162721,00000000,00000000,001024,003,000,00000128,00093253,01,0000022118282585,00000000,00000000,004,002,016,016,1
003,00000000,00186757,00009454,010,00161915,00000000,00000000,001024,003,000,00000128,00093455,01,0000021677416493,00000000,00000000,004,002,016,016,1
004,00000000,00186546,00014634,010,00163845,00000000,00000000,001024,003,000,00000128,00093993,01,0000022127311383,00000000,00000000,004,002,016,016,1
005,00000000,00186707,00022211,010,00162422,00000000,00000000,001024,003,000,00000128,00093388,01,0000021407015862,00000000,00000000,004,002,016,016,1
006,00000000,00186440,00009885,010,00163996,00000000,00000000,001024,003,000,00000128,00093651,01,0000022078858348,00000000,00000000,004,002,016,016,1
007,00000000,00186755,00016543,010,00161946,00000000,00000000,001024,003,000,00000128,00093587,01,0000022122520678,00000000,00000000,004,002,016,016,1
008,00000000,00186270,00011160,010,00163604,00000000,00000000,001024,003,000,00000128,00093435,01,0000021867277291,00000000,00000000,004,002,016,016,1
009,00000000,00186196,00010720,010,00163256,00000000,00000000,001024,003,000,00000128,00093295,01,0000021803571873,00000000,00000000,004,002,016,016,1
010,00000000,00186496,00009544,010,00163077,00000000,00000000,001024,003,000,00000128,00093681,01,0000022072290769,00000000,00000000,004,002,016,016,1
011,00000000,00186453,00016693,010,00164746,00000000,00000000,001024,003,000,00000128,00093439,01,0000022067301785,00000000,00000000,004,002,016,016,1
012,00000000,00186449,00010595,010,00164112,00000000,00000000,001024,003,000,00000128,00093852,01,0000021872952416,00000000,00000000,004,002,016,016,1
013,00000000,00186682,00010425,010,00162533,00000000,00000000,001024,003,000,00000128,00093775,01,0000021137918968,00000000,00000000,004,002,016,016,1
014,00000000,00186472,00012045,010,00162737,00000000,00000000,001024,003,000,00000128,00093266,01,0000021466714732,00000000,00000000,004,002,016,016,1
015,00000000,00186791,00009976,010,00163590,00000000,00000000,001024,003,000,00000128,00093903,01,0000021011699247,00000000,00000000,004,002,016,016,1
000,00000000,00346089,00048549,010,00269451,00000000,00000000,001024,000,001,00000128,00174254,01,0000017054347374,00000000,00000000,004,002,016,016,1
001,00000000,00348387,00018680,010,00269047,00000000,00000000,001024,000,001,00000128,00175373,01,0000017402542353,00000000,00000000,004,002,016,016,1
002,00000000,00347073,00021846,010,00268545,00000000,00000000,001024,000,001,00000128,00174688,01,0000017289537372,00000000,00000000,004,002,016,016,1
003,00000000,00347791,00018224,010,00268586,00000000,00000000,001024,000,001,00000128,00175197,01,0000017164588754,00000000,00000000,004,002,016,016,1
004,00000000,00348559,00054140,010,00269024,00000000,00000000,001024,000,001,00000128,00175535,01,0000017122307629,00000000,00000000,004,002,016,016,1
005,00000000,00346349,00019373,010,00268049,00000000,00000000,001024,000,001,00000128,00174416,01,0000016558222783,00000000,00000000,004,002,016,016,1
006,00000000,00347130,00018848,010,00267839,00000000,00000000,001024,000,001,00000128,00174836,01,0000017004742896,00000000,00000000,004,002,016,016,1
007,00000000,00348819,00024132,010,00269791,00000000,00000000,001024,000,001,00000128,00175607,01,0000017391473822,00000000,00000000,004,002,016,016,1
008,00000000,00347575,00020371,010,00269905,00000000,00000000,001024,000,001,00000128,00175090,01,0000017131329801,00000000,00000000,004,002,016,016,1
009,00000000,00347093,00018883,010,00267943,00000000,00000000,001024,000,001,00000128,00174729,01,0000016798821401,00000000,00000000,004,002,016,016,1
010,00000000,00347015,00017190,010,00268888,00000000,00000000,001024,000,001,00000128,00174822,01,0000017303349053,00000000,00000000,004,002,016,016,1
011,00000000,00346902,00026575,010,00268225,00000000,00000000,001024,000,001,00000128,00174982,01,0000017339262498,00000000,00000000,004,002,016,016,1
012,00000000,00347916,00021780,010,00268524,00000000,00000000,001024,000,001,00000128,00175674,01,0000017156653974,00000000,00000000,004,002,016,016,1
013,00000000,00347702,00018918,010,00268740,00000000,00000000,001024,000,001,00000128,00175339,01,0000016831315513,00000000,00000000,004,002,016,016,1
014,00000000,00346792,00019196,010,00267810,00000000,00000000,001024,000,001,00000128,00174624,01,0000016894813216,00000000,00000000,004,002,016,016,1
015,00000000,00336210,00018010,010,00259719,00000000,00000000,001024,000,001,00000128,00169469,01,0000001934745489,00000000,00000000,004,002,016,016,1
000,00000000,00580815,00080417,010,00528098,00000000,00000000,001024,001,001,00000128,00292662,01,0000020420434911,00000000,00000000,004,002,016,016,1
001,00000000,00581837,00031285,010,00529439,00000000,00000000,001024,001,001,00000128,00292298,01,0000020491914207,00000000,00000000,004,002,016,016,1
002,00000000,00582609,00036440,010,00528011,00000000,00000000,001024,001,001,00000128,00292450,01,0000020460912385,00000000,00000000,004,002,016,016,1
003,00000000,00581535,00029894,010,00530369,00000000,00000000,001024,001,001,00000128,00292891,01,0000020276161187,00000000,00000000,004,002,016,016,1
004,00000000,00581865,00089803,010,00531059,00000000,00000000,001024,001,001,00000128,00292565,01,0000020102559856,00000000,00000000,004,002,016,016,1
005,00000000,00581980,00032795,010,00530468,00000000,00000000,001024,001,001,00000128,00292732,01,0000019924965768,00000000,00000000,004,002,016,016,1
006,00000000,00580559,00031152,010,00529175,00000000,00000000,001024,001,001,00000128,00291680,01,0000020374249324,00000000,00000000,004,002,016,016,1
007,00000000,00580162,00040392,010,00527882,00000000,00000000,001024,001,001,00000128,00291973,01,0000020193494272,00000000,00000000,004,002,016,016,1
008,00000000,00581634,00033821,010,00529732,00000000,00000000,001024,001,001,00000128,00291689,01,0000020065817588,00000000,00000000,004,002,016,016,1
009,00000000,00580419,00031946,010,00527675,00000000,00000000,001024,001,001,00000128,00291550,01,0000019923370071,00000000,00000000,004,002,016,016,1
010,00000000,00581532,00028249,010,00527662,00000000,00000000,001024,001,001,00000128,00292598,01,0000019919384723,00000000,00000000,004,002,016,016,1
011,00000000,00578351,00044519,010,00526752,00000000,00000000,001024,001,001,00000128,00291071,01,0000020226986487,00000000,00000000,004,002,016,016,1
012,00000000,00578073,00035667,010,00524634,00000000,00000000,001024,001,001,00000128,00290296,01,0000020294476642,00000000,00000000,004,002,016,016,1
013,00000000,00579687,00031861,010,00524932,00000000,00000000,001024,001,001,00000128,00291158,01,0000019603544980,00000000,00000000,004,002,016,016,1
014,00000000,00559955,00032505,010,00504202,00000000,00000000,001024,001,001,00000128,00281161,01,0000002153984661,00000000,00000000,004,002,016,016,1
015,00000000,00578892,00029716,010,00525657,00000000,00000000,001024,001,001,00000128,00290322,01,0000019593765525,00000000,00000000,004,002,016,016,1
000,00000000,00185639,00026137,010,00168828,00000000,00000000,001024,002,001,00000128,00093297,01,0000021946224473,00000000,00000000,004,002,016,016,1
001,00000000,00185996,00010049,010,00166668,00000000,00000000,001024,002,001,00000128,00093500,01,0000022281949449,00000000,00000000,004,002,016,016,1
002,00000000,00186114,00012068,010,00165707,00000000,00000000,001024,002,001,00000128,00093430,01,0000022129612255,00000000,00000000,004,002,016,016,1
003,00000000,00185765,00009824,010,00168050,00000000,00000000,001024,002,001,00000128,00093121,01,0000022121212104,00000000,00000000,004,002,016,016,1
004,00000000,00186001,00029042,010,00166862,00000000,00000000,001024,002,001,00000128,00093441,01,0000022257887888,00000000,00000000,004,002,016,016,1
005,00000000,00185199,00010477,010,00167125,00000000,00000000,001024,002,001,00000128,00093336,01,0000021711304024,00000000,00000000,004,002,016,016,1
006,00000000,00185903,00009848,010,00166033,00000000,00000000,001024,002,001,00000128,00093396,01,0000022281350178,00000000,00000000,004,002,016,016,1
007,00000000,00185866,00012814,010,00166540,00000000,00000000,001024,002,001,00000128,00093387,01,0000022078217402,00000000,00000000,004,002,016,016,1
008,00000000,00185836,00011028,010,00166664,00000000,00000000,001024,002,001,00000128,00093125,01,0000021986160600,00000000,00000000,004,002,016,016,1
009,00000000,00185564,00010038,010,00167375,00000000,00000000,001024,002,001,00000128,00093476,01,0000019738485422,00000000,00000000,004,002,016,016,1
010,00000000,00185914,00009005,010,00166977,00000000,00000000,001024,002,001,00000128,00093226,01,0000022262805011,00000000,00000000,004,002,016,016,1
011,00000000,00186035,00014142,010,00167384,00000000,00000000,001024,002,001,00000128,00093279,01,0000022238505571,00000000,00000000,004,002,016,016,1
012,00000000,00185930,00011502,010,00168126,00000000,00000000,001024,002,001,00000128,00093235,01,0000021989865737,00000000,00000000,004,002,016,016,1
013,00000000,00186060,00010124,010,00165927,00000000,00000000,001024,002,001,00000128,00093259,01,0000021058159732,00000000,00000000,004,002,016,016,1
014,00000000,00185867,00010316,010,00166104,00000000,00000000,001024,002,001,00000128,00093161,01,0000021663268033,00000000,00000000,004,002,016,016,1
015,00000000,00186279,00009547,010,00166163,00000000,00000000,001024,002,001,00000128,00093530,01,0000021386938268,00000000,00000000,004,002,016,016,1
000,00000000,00186039,00025904,010,00167327,00000000,00000000,001024,003,001,00000128,00093207,01,0000022003639278,00000000,00000000,004,002,016,016,1
001,00000000,00185981,00009765,010,00167091,00000000,00000000,001024,003,001,00000128,00093032,01,0000022296973387,00000000,00000000,004,002,016,016,1
002,00000000,00185825,00011623,010,00167550,00000000,00000000,001024,003,001,00000128,00093115,01,0000022236344264,00000000,00000000,004,002,016,016,1
003,00000000,00185878,00009798,010,00167368,00000000,00000000,001024,003,001,00000128,00093131,01,0000021891754130,00000000,00000000,004,002,016,016,1
004,00000000,00185609,00028791,010,00166709,00000000,00000000,001024,003,001,00000128,00093479,01,0000021994948545,00000000,00000000,004,002,016,016,1
005,00000000,00184929,00010405,010,00165914,00000000,00000000,001024,003,001,00000128,00092745,01,0000021716487015,00000000,00000000,004,002,016,016,1
006,00000000,00185776,00010007,010,00166682,00000000,00000000,001024,003,001,00000128,00093141,01,0000022289150158,00000000,00000000,004,002,016,016,1
007,00000000,00185794,00012758,010,00165805,00000000,00000000,001024,003,001,00000128,00093251,01,0000022262814434,00000000,00000000,004,002,016,016,1
008,00000000,00185732,00011044,010,00166048,00000000,00000000,001024,003,001,00000128,00093080,01,0000021999437104,00000000,00000000,004,002,016,016,1
009,00000000,00185734,00009900,010,00166162,00000000,00000000,001024,003,001,00000128,00093118,01,0000021655158519,00000000,00000000,004,002,016,016,1
010,00000000,00185774,00009113,010,00167733,00000000,00000000,001024,003,001,00000128,00093153,01,0000022274567001,00000000,00000000,004,002,016,016,1
011,00000000,00185862,00014307,010,00166391,00000000,00000000,001024,003,001,00000128,00093200,01,0000022204560020,00000000,00000000,004,002,016,016,1
012,00000000,00185579,00011513,010,00167560,00000000,00000000,001024,003,001,00000128,00093236,01,0000022020366003,00000000,00000000,004,002,016,016,1
013,00000000,00185292,00010066,010,00167050,00000000,00000000,001024,003,001,00000128,00093312,01,0000021568888749,00000000,00000000,004,002,016,016,1
014,00000000,00185522,00010330,010,00167000,00000000,00000000,001024,003,001,00000128,00093473,01,0000021425048323,00000000,00000000,004,002,016,016,1
015,00000000,00185668,00009533,010,00168302,00000000,00000000,001024,003,001,00000128,00093525,01,0000021216679238,00000000,00000000,004,002,016,016,1
000,00000000,00383641,00056457,010,00290719,00000000,00000000,001024,000,002,00000128,00193055,01,0000018149973194,00000000,00000000,004,002,016,016,1
001,00000000,00383297,00018073,010,00290976,00000000,00000000,001024,000,002,00000128,00192784,01,0000018256953000,00000000,00000000,004,002,016,016,1
002,00000000,00384987,00023322,010,00291733,00000000,00000000,001024,000,002,00000128,00193684,01,0000018320858599,00000000,00000000,004,002,016,016,1
003,00000000,00384428,00037133,010,00290874,00000000,00000000,001024,000,002,00000128,00193553,01,0000018066395985,00000000,00000000,004,002,016,016,1
004,00000000,00385698,00038507,010,00292125,00000000,00000000,001024,000,002,00000128,00193999,01,0000018421208239,00000000,00000000,004,002,016,016,1
005,00000000,00384137,00020683,010,00291573,00000000,00000000,001024,000,002,00000128,00193496,01,0000017750011794,00000000,00000000,004,002,016,016,1
006,00000000,00384611,00020138,010,00291097,00000000,00000000,001024,000,002,00000128,00193472,01,0000018279029854,00000000,00000000,004,002,016,016,1
007,00000000,00382835,00028418,010,00291486,00000000,00000000,001024,000,002,00000128,00193549,01,0000018226009303,00000000,00000000,004,002,016,016,1
008,00000000,00384821,00022697,010,00291478,00000000,00000000,001024,000,002,00000128,00193865,01,0000018116426630,00000000,00000000,004,002,016,016,1
009,00000000,00385193,00023358,010,00292082,00000000,00000000,001024,000,002,00000128,00194041,01,0000017837556447,00000000,00000000,004,002,016,016,1
010,00000000,00386755,00020790,010,00291558,00000000,00000000,001024,000,002,00000128,00193889,01,0000018313368940,00000000,00000000,004,002,016,016,1
011,00000000,00386450,00028484,010,00291129,00000000,00000000,001024,000,002,00000128,00193766,01,0000018180528716,00000000,00000000,004,002,016,016,1
012,00000000,00384389,00020406,010,00291757,00000000,00000000,001024,000,002,00000128,00193643,01,0000018184759223,00000000,00000000,004,002,016,016,1
013,00000000,00384752,00022054,010,00291630,00000000,00000000,001024,000,002,00000128,00193848,01,0000017825445865,00000000,00000000,004,002,016,016,1
014,00000000,00384063,00025017,010,00292301,00000000,00000000,001024,000,002,00000128,00193873,01,0000017760049490,00000000,00000000,004,002,016,016,1
015,00000000,00368901,00018857,010,00278076,00000000,00000000,001024,000,002,00000128,00185590,01,0000001940961460,00000000,00000000,004,002,016,016,1
000,00000000,00598703,00086911,010,00531388,00000000,00000000,001024,001,002,00000128,00301319,01,0000020406383506,00000000,00000000,004,002,016,016,1
001,00000000,00596211,00028636,010,00531886,00000000,00000000,001024,001,002,00000128,00300336,01,0000020591998883,00000000,00000000,004,002,016,016,1
002,00000000,00597631,00036638,010,00534090,00000000,00000000,001024,001,002,00000128,00301083,01,0000020693200911,00000000,00000000,004,002,016,016,1
003,00000000,00595818,00057722,010,00530857,00000000,00000000,001024,001,002,00000128,00299560,01,0000020400166657,00000000,00000000,004,002,016,016,1
004,00000000,00595838,00059419,010,00528965,00000000,00000000,001024,001,002,00000128,00299544,01,0000020323900565,00000000,00000000,004,002,016,016,1
005,00000000,00594099,00032103,010,00529474,00000000,00000000,001024,001,002,00000128,00299296,01,0000020230715650,00000000,00000000,004,002,016,016,1
006,00000000,00597161,00031474,010,00530106,00000000,00000000,001024,001,002,00000128,00299959,01,0000020666766357,00000000,00000000,004,002,016,016,1
007,00000000,00595157,00044226,010,00530268,00000000,00000000,001024,001,002,00000128,00299077,01,0000020531705988,00000000,00000000,004,002,016,016,1
008,00000000,00593324,00034745,010,00526302,00000000,00000000,001024,001,002,00000128,00298966,01,0000020477395015,00000000,00000000,004,002,016,016,1
009,00000000,00594671,00036024,010,00526775,00000000,00000000,001024,001,002,00000128,00299136,01,0000020230806107,00000000,00000000,004,002,016,016,1
010,00000000,00594194,00032286,010,00529100,00000000,00000000,001024,001,002,00000128,00298737,01,0000020736630971,00000000,00000000,004,002,016,016,1
011,00000000,00594477,00043938,010,00525376,00000000,00000000,001024,001,002,00000128,00298749,01,0000020741122735,00000000,00000000,004,002,016,016,1
012,00000000,00593901,00031485,010,00529779,00000000,00000000,001024,001,002,00000128,00299102,01,0000020484265087,00000000,00000000,004,002,016,016,1
013,00000000,00569905,00033742,010,00501813,00000000,00000000,001024,001,002,00000128,00286465,01,0000002236451592,00000000,00000000,004,002,016,016,1
014,00000000,00596241,00038748,010,00530886,00000000,00000000,001024,001,002,00000128,00299740,01,0000020502477428,00000000,00000000,004,002,016,016,1
015,00000000,00595046,00029245,010,00528400,00000000,00000000,001024,001,002,00000128,00299103,01,0000019858395134,00000000,00000000,004,002,016,016,1
000,00000000,00190544,00027870,010,00166339,00000000,00000000,001024,002,002,00000128,00095787,01,0000022376707419,00000000,00000000,004,002,016,016,1
001,00000000,00190027,00009074,010,00167884,00000000,00000000,001024,002,002,00000128,00095691,01,0000022256920338,00000000,00000000,004,002,016,016,1
002,00000000,00190632,00011576,010,00166030,00000000,00000000,001024,002,002,00000128,00095769,01,0000022048871298,00000000,00000000,004,002,016,016,1
003,00000000,00190338,00018200,010,00167174,00000000,00000000,001024,002,002,00000128,00095443,01,0000021957907709,00000000,00000000,004,002,016,016,1
004,00000000,00190295,00019111,010,00166561,00000000,00000000,001024,002,002,00000128,00095628,01,0000022004240081,00000000,00000000,004,002,016,016,1
005,00000000,00190051,00010230,010,00168131,00000000,00000000,001024,002,002,00000128,00095684,01,0000021133069039,00000000,00000000,004,002,016,016,1
006,00000000,00190396,00009933,010,00166798,00000000,00000000,001024,002,002,00000128,00095665,01,0000022336651339,00000000,00000000,004,002,016,016,1
007,00000000,00190139,00014147,010,00167607,00000000,00000000,001024,002,002,00000128,00095483,01,0000022338376781,00000000,00000000,004,002,016,016,1
008,00000000,00190169,00011264,010,00168458,00000000,00000000,001024,002,002,00000128,00095216,01,0000022016935237,00000000,00000000,004,002,016,016,1
009,00000000,00189664,00011379,010,00167139,00000000,00000000,001024,002,002,00000128,00095282,01,0000021713584033,00000000,00000000,004,002,016,016,1
010,00000000,00190219,00010118,010,00166626,00000000,00000000,001024,002,002,00000128,00095601,01,0000022158574956,00000000,00000000,004,002,016,016,1
011,00000000,00190189,00013954,010,00167146,00000000,00000000,001024,002,002,00000128,00095539,01,0000022317128649,00000000,00000000,004,002,016,016,1
012,00000000,00190233,00010089,010,00166885,00000000,00000000,001024,002,002,00000128,00095619,01,0000022082227893,00000000,00000000,004,002,016,016,1
013,00000000,00189933,00010779,010,00166836,00000000,00000000,001024,002,002,00000128,00095440,01,0000021597901070,00000000,00000000,004,002,016,016,1
014,00000000,00190229,00012300,010,00166733,00000000,00000000,001024,002,002,00000128,00095600,01,0000021492773756,00000000,00000000,004,002,016,016,1
015,00000000,00190838,00009316,010,00167353,00000000,00000000,001024,002,002,00000128,00095629,01,0000021163909707,00000000,00000000,004,002,016,016,1
000,00000000,00191555,00027949,010,00165455,00000000,00000000,001024,003,002,00000128,00096459,01,0000022141758014,00000000,00000000,004,002,016,016,1
001,00000000,00191599,00009108,010,00164084,00000000,00000000,001024,003,002,00000128,00096049,01,0000022295013320,00000000,00000000,004,002,016,016,1
002,00000000,00191795,00011974,010,00163607,00000000,00000000,001024,003,002,00000128,00095757,01,0000022315619647,00000000,00000000,004,002,016,016,1
003,00000000,00191375,00018452,010,00164927,00000000,00000000,001024,003,002,00000128,00096039,01,0000022075488935,00000000,00000000,004,002,016,016,1
004,00000000,00191296,00019083,010,00164926,00000000,00000000,001024,003,002,00000128,00095501,01,0000022360263803,00000000,00000000,004,002,016,016,1
005,00000000,00191447,00010412,010,00164405,00000000,00000000,001024,003,002,00000128,00095862,01,0000021729477475,00000000,00000000,004,002,016,016,1
006,00000000,00191306,00010157,010,00164108,00000000,00000000,001024,003,002,00000128,00095944,01,0000022332784933,00000000,00000000,004,002,016,016,1
007,00000000,00191208,00014225,010,00165875,00000000,00000000,001024,003,002,00000128,00096254,01,0000022241779296,00000000,00000000,004,002,016,016,1
008,00000000,00191288,00011421,010,00163879,00000000,00000000,001024,003,002,00000128,00095847,01,0000021784127851,00000000,00000000,004,002,016,016,1
009,00000000,00191420,00011658,010,00163642,00000000,00000000,001024,003,002,00000128,00095686,01,0000021660414743,00000000,00000000,004,002,016,016,1
010,00000000,00190557,00010354,010,00164484,00000000,00000000,001024,003,002,00000128,00095927,01,0000022359428231,00000000,00000000,004,002,016,016,1
011,00000000,00191446,00014133,010,00165352,00000000,00000000,001024,003,002,00000128,00096114,01,0000022195979255,00000000,00000000,004,002,016,016,1
012,00000000,00191484,00010148,010,00164074,00000000,00000000,001024,003,002,00000128,00095752,01,0000021966163410,00000000,00000000,004,002,016,016,1
013,00000000,00191290,00010840,010,00164449,00000000,00000000,001024,003,002,00000128,00095918,01,0000021490483336,00000000,00000000,004,002,016,016,1
014,00000000,00191132,00012370,010,00164775,00000000,00000000,001024,003,002,00000128,00095905,01,0000021771893764,00000000,00000000,004,002,016,016,1
015,00000000,00191815,00009390,010,00164714,00000000,00000000,001024,003,002,00000128,00096407,01,0000021177050130,00000000,00000000,004,002,016,016,1
000,00000000,00212956,00294649,010,00608739,00000000,00000000,001024,000,000,00000008,00107584,01,0000007923874853,00000000,00000000,004,002,016,016,1
001,00000000,00215648,00193508,010,00609818,00000000,00000000,001024,000,000,00000008,00108264,01,0000007996903336,00000000,00000000,004,002,016,016,1
002,00000000,00213452,00232491,010,00608091,00000000,00000000,001024,000,000,00000008,00107578,01,0000007936080759,00000000,00000000,004,002,016,016,1
003,00000000,00214084,00238211,010,00609573,00000000,00000000,001024,000,000,00000008,00107498,01,0000007922297045,00000000,00000000,004,002,016,016,1
004,00000000,00215044,00193322,010,00610065,00000000,00000000,001024,000,000,00000008,00108378,01,0000007954629803,00000000,00000000,004,002,016,016,1
005,00000000,00215288,00241847,010,00608985,00000000,00000000,001024,000,000,00000008,00108085,01,0000007871344288,00000000,00000000,004,002,016,016,1
006,00000000,00214238,00169648,010,00607139,00000000,00000000,001024,000,000,00000008,00107763,01,0000007878620271,00000000,00000000,004,002,016,016,1
007,00000000,00213823,00161599,010,00609135,00000000,00000000,001024,000,000,00000008,00107837,01,0000007857522859,00000000,00000000,004,002,016,016,1
008,00000000,00214927,00000000,010,00608050,00000000,00000000,001024,000,000,00000008,00108120,01,0000007819103402,00000000,00000000,004,002,016,016,1
009,00000000,00215123,00000000,010,00610617,00000000,00000000,001024,000,000,00000008,00107997,01,0000007968745487,00000000,00000000,004,002,016,016,1
010,00000000,00214844,00000000,010,00605964,00000000,00000000,001024,000,000,00000008,00107991,01,0000007788765402,00000000,00000000,004,002,016,016,1
011,00000000,00215120,00000000,010,00613092,00000000,00000000,001024,000,000,00000008,00108395,01,0000007825832662,00000000,00000000,004,002,016,016,1
012,00000000,00214757,00000000,010,00612924,00000000,00000000,001024,000,000,00000008,00108291,01,0000007709025300,00000000,00000000,004,002,016,016,1
013,00000000,00214750,00000000,010,00608685,00000000,00000000,001024,000,000,00000008,00107872,01,0000007747664559,00000000,00000000,004,002,016,016,1
014,00000000,00209056,00000000,010,00595135,00000000,00000000,001024,000,000,00000008,00105060,01,0000001011613341,00000000,00000000,004,002,016,016,1
015,00000000,00215826,00000000,010,00611890,00000000,00000000,001024,000,000,00000008,00108562,01,0000007755159177,00000000,00000000,004,002,016,016,1
000,00000000,00121409,00164501,010,00359173,00000000,00000000,001024,001,000,00000008,00061572,01,0000005414477244,00000000,00000000,004,002,016,016,1
001,00000000,00119719,00107857,010,00350746,00000000,00000000,001024,001,000,00000008,00060623,01,0000005379466262,00000000,00000000,004,002,016,016,1
002,00000000,00119953,00130094,010,00344538,00000000,00000000,001024,001,000,00000008,00060204,01,0000005315804343,00000000,00000000,004,002,016,016,1
003,00000000,00118821,00132856,010,00351467,00000000,00000000,001024,001,000,00000008,00059939,01,0000005419184700,00000000,00000000,004,002,016,016,1
004,00000000,00119764,00108409,010,00348787,00000000,00000000,001024,001,000,00000008,00060434,01,0000005342540218,00000000,00000000,004,002,016,016,1
005,00000000,00121219,00135202,010,00355780,00000000,00000000,001024,001,000,00000008,00061165,01,0000005427582866,00000000,00000000,004,002,016,016,1
006,00000000,00119207,00095712,010,00348475,00000000,00000000,001024,001,000,00000008,00060095,01,0000005329027241,00000000,00000000,004,002,016,016,1
007,00000000,00118584,00091358,010,00349610,00000000,00000000,001024,001,000,00000008,00059805,01,0000005353453809,00000000,00000000,004,002,016,016,1
008,00000000,00119420,00000000,010,00351667,00000000,00000000,001024,001,000,00000008,00060243,01,0000005290316012,00000000,00000000,004,002,016,016,1
009,00000000,00119307,00000000,010,00351308,00000000,00000000,001024,001,000,00000008,00060502,01,0000005363264591,00000000,00000000,004,002,016,016,1
010,00000000,00121862,00000000,010,00356585,00000000,00000000,001024,001,000,00000008,00061350,01,0000005371727408,00000000,00000000,004,002,016,016,1
011,00000000,00120307,00000000,010,00354994,00000000,00000000,001024,001,000,00000008,00060987,01,0000005241392458,00000000,00000000,004,002,016,016,1
012,00000000,00120461,00000000,010,00353954,00000000,00000000,001024,001,000,00000008,00060763,01,0000005290220749,00000000,00000000,004,002,016,016,1
013,00000000,00118803,00000000,010,00351328,00000000,00000000,001024,001,000,00000008,00060260,01,0000005264686509,00000000,00000000,004,002,016,016,1
014,00000000,00118557,00000000,010,00347874,00000000,00000000,001024,001,000,00000008,00059732,01,0000005139397203,00000000,00000000,004,002,016,016,1
015,00000000,00115893,00000000,010,00337089,00000000,00000000,001024,001,000,00000008,00058315,01,0000000752478353,00000000,00000000,004,002,016,016,1
000,00000000,00113608,00154990,010,00321884,00000000,00000000,001024,002,000,00000008,00056867,01,0000012148786701,00000000,00000000,004,002,016,016,1
001,00000000,00112869,00101163,010,00319975,00000000,00000000,001024,002,000,00000008,00056562,01,0000012279800533,00000000,00000000,004,002,016,016,1
002,00000000,00112783,00122986,010,00320100,00000000,00000000,001024,002,000,00000008,00056694,01,0000012069732931,00000000,00000000,004,002,016,016,1
003,00000000,00113764,00124980,010,00320001,00000000,00000000,001024,002,000,00000008,00056659,01,0000012279488437,00000000,00000000,004,002,016,016,1
004,00000000,00114426,00101929,010,00318961,00000000,00000000,001024,002,000,00000008,00056990,01,0000012126381822,00000000,00000000,004,002,016,016,1
005,00000000,00113740,00127168,010,00320189,00000000,00000000,001024,002,000,00000008,00056635,01,0000012155715798,00000000,00000000,004,002,016,016,1
006,00000000,00113173,00089812,010,00320708,00000000,00000000,001024,002,000,00000008,00056897,01,0000011984227362,00000000,00000000,004,002,016,016,1
007,00000000,00113421,00085385,010,00321378,00000000,00000000,001024,002,000,00000008,00057105,01,0000012179530588,00000000,00000000,004,002,016,016,1
008,00000000,00112868,00000000,010,00322831,00000000,00000000,001024,002,000,00000008,00056809,01,0000011919013054,00000000,00000000,004,002,016,016,1
009,00000000,00112868,00000000,010,00319873,00000000,00000000,001024,002,000,00000008,00056641,01,0000012157186204,00000000,00000000,004,002,016,016,1
010,00000000,00113742,00000000,010,00320815,00000000,00000000,001024,002,000,00000008,00056570,01,0000012096707219,00000000,00000000,004,002,016,016,1
011,00000000,00113565,00000000,010,00320334,00000000,00000000,001024,002,000,00000008,00056458,01,0000011817873345,00000000,00000000,004,002,016,016,1
012,00000000,00114202,00000000,010,00322481,00000000,00000000,001024,002,000,00000008,00057169,01,0000012142143410,00000000,00000000,004,002,016,016,1
013,00000000,00112962,00000000,010,00319062,00000000,00000000,001024,002,000,00000008,00056451,01,0000011777193372,00000000,00000000,004,002,016,016,1
014,00000000,00113254,00000000,010,00321848,00000000,00000000,001024,002,000,00000008,00056855,01,0000011705253353,00000000,00000000,004,002,016,016,1
015,00000000,00113600,00000000,010,00323278,00000000,00000000,001024,002,000,00000008,00057051,01,0000011737212934,00000000,00000000,004,002,016,016,1
000,00000000,00112767,00155253,010,00321199,00000000,00000000,001024,003,000,00000008,00056635,01,0000012041286614,00000000,00000000,004,002,016,016,1
001,00000000,00113518,00101744,010,00319581,00000000,00000000,001024,003,000,00000008,00056989,01,0000012140819057,00000000,00000000,004,002,016,016,1
002,00000000,00113681,00122256,010,00319701,00000000,00000000,001024,003,000,00000008,00056867,01,0000012139356336,00000000,00000000,004,002,016,016,1
003,00000000,00114305,00125132,010,00318231,00000000,00000000,001024,003,000,00000008,00056993,01,0000012307051377,00000000,00000000,004,002,016,016,1
004,00000000,00112825,00101345,010,00319496,00000000,00000000,001024,003,000,00000008,00056459,01,0000012114959518,00000000,00000000,004,002,016,016,1
005,00000000,00113330,00127200,010,00321454,00000000,00000000,001024,003,000,00000008,00056711,01,0000012084262175,00000000,00000000,004,002,016,016,1
006,00000000,00112913,00089739,010,00321700,00000000,00000000,001024,003,000,00000008,00056519,01,0000012100095063,00000000,00000000,004,002,016,016,1
007,00000000,00112967,00084418,010,00320373,00000000,00000000,001024,003,000,00000008,00056698,01,0000012113675015,00000000,00000000,004,002,016,016,1
008,00000000,00112611,00000000,010,00321592,00000000,00000000,001024,003,000,00000008,00056791,01,0000012045431561,00000000,00000000,004,002,016,016,1
009,00000000,00112388,00000000,010,00319749,00000000,00000000,001024,003,000,00000008,00056072,01,0000012092719597,00000000,00000000,004,002,016,016,1
010,00000000,00113303,00000000,010,00321022,00000000,00000000,001024,003,000,00000008,00056898,01,0000011863132603,00000000,00000000,004,002,016,016,1
011,00000000,00112355,00000000,010,00323598,00000000,00000000,001024,003,000,00000008,00056441,01,0000011832417792,00000000,00000000,004,002,016,016,1
012,00000000,00113351,00000000,010,00322010,00000000,00000000,001024,003,000,00000008,00056859,01,0000012205521439,00000000,00000000,004,002,016,016,1
013,00000000,00112476,00000000,010,00324978,00000000,00000000,001024,003,000,00000008,00056495,01,0000011816220374,00000000,00000000,004,002,016,016,1
014,00000000,00112737,00000000,010,00326686,00000000,00000000,001024,003,000,00000008,00056863,01,0000011362439114,00000000,00000000,004,002,016,016,1
015,00000000,00113486,00000000,010,00323364,00000000,00000000,001024,003,000,00000008,00056797,01,0000011672238660,00000000,00000000,004,002,016,016,1
000,00000000,00198102,00249063,010,00623524,00000000,00000000,001024,000,001,00000008,00099606,01,0000007896927898,00000000,00000000,004,002,016,016,1
001,00000000,00197064,00195684,010,00613718,00000000,00000000,001024,000,001,00000008,00098735,01,0000007776131332,00000000,00000000,004,002,016,016,1
002,00000000,00196644,00228100,010,00620436,00000000,00000000,001024,000,001,00000008,00099072,01,0000007705207849,00000000,00000000,004,002,016,016,1
003,00000000,00196325,00208897,010,00613468,00000000,00000000,001024,000,001,00000008,00099091,01,0000007822300695,00000000,00000000,004,002,016,016,1
004,00000000,00197593,00170626,010,00619109,00000000,00000000,001024,000,001,00000008,00099428,01,0000007825507621,00000000,00000000,004,002,016,016,1
005,00000000,00197876,00230441,010,00616384,00000000,00000000,001024,000,001,00000008,00099594,01,0000007699110004,00000000,00000000,004,002,016,016,1
006,00000000,00197137,00150814,010,00613893,00000000,00000000,001024,000,001,00000008,00099217,01,0000007722935375,00000000,00000000,004,002,016,016,1
007,00000000,00197464,00150437,010,00616099,00000000,00000000,001024,000,001,00000008,00099518,01,0000007801760481,00000000,00000000,004,002,016,016,1
008,00000000,00196427,00000000,010,00614239,00000000,00000000,001024,000,001,00000008,00098856,01,0000007641351696,00000000,00000000,004,002,016,016,1
009,00000000,00196631,00000000,010,00616738,00000000,00000000,001024,000,001,00000008,00098956,01,0000007740790527,00000000,00000000,004,002,016,016,1
010,00000000,00196131,00000000,010,00614256,00000000,00000000,001024,000,001,00000008,00098983,01,0000007764037656,00000000,00000000,004,002,016,016,1
011,00000000,00196098,00000000,010,00620824,00000000,00000000,001024,000,001,00000008,00099276,01,0000007621187437,00000000,00000000,004,002,016,016,1
012,00000000,00196282,00000000,010,00612970,00000000,00000000,001024,000,001,00000008,00098538,01,0000007740868600,00000000,00000000,004,002,016,016,1
013,00000000,00193644,00000000,010,00601742,00000000,00000000,001024,000,001,00000008,00097142,01,0000000955515574,00000000,00000000,004,002,016,016,1
014,00000000,00197553,00000000,010,00612290,00000000,00000000,001024,000,001,00000008,00099319,01,0000007562573880,00000000,00000000,004,002,016,016,1
015,00000000,00197188,00000000,010,00610834,00000000,00000000,001024,000,001,00000008,00098731,01,0000007655963156,00000000,00000000,004,002,016,016,1
000,00000000,00142441,00181139,010,00426843,00000000,00000000,001024,001,001,00000008,00071784,01,0000006371566503,00000000,00000000,004,002,016,016,1
001,00000000,00143098,00142107,010,00431432,00000000,00000000,001024,001,001,00000008,00072110,01,0000006452219376,00000000,00000000,004,002,016,016,1
002,00000000,00143063,00165364,010,00425927,00000000,00000000,001024,001,001,00000008,00072238,01,0000006357358064,00000000,00000000,004,002,016,016,1
003,00000000,00142063,00151694,010,00426551,00000000,00000000,001024,001,001,00000008,00071834,01,0000006409807263,00000000,00000000,004,002,016,016,1
004,00000000,00142570,00123767,010,00428538,00000000,00000000,001024,001,001,00000008,00071878,01,0000006434781630,00000000,00000000,004,002,016,016,1
005,00000000,00142778,00167310,010,00424391,00000000,00000000,001024,001,001,00000008,00072339,01,0000006301686028,00000000,00000000,004,002,016,016,1
006,00000000,00142052,00109128,010,00426023,00000000,00000000,001024,001,001,00000008,00071604,01,0000006367084800,00000000,00000000,004,002,016,016,1
007,00000000,00142559,00109541,010,00425054,00000000,00000000,001024,001,001,00000008,00071787,01,0000006330098279,00000000,00000000,004,002,016,016,1
008,00000000,00142894,00000000,010,00428374,00000000,00000000,001024,001,001,00000008,00071982,01,0000006325595302,00000000,00000000,004,002,016,016,1
009,00000000,00142318,00000000,010,00427849,00000000,00000000,001024,001,001,00000008,00071639,01,0000006433384168,00000000,00000000,004,002,016,016,1
010,00000000,00141749,00000000,010,00425566,00000000,00000000,001024,001,001,00000008,00071701,01,0000006177098509,00000000,00000000,004,002,016,016,1
011,00000000,00144055,00000000,010,00433558,00000000,00000000,001024,001,001,00000008,00072643,01,0000006300245409,00000000,00000000,004,002,016,016,1
012,00000000,00140101,00000000,010,00418999,00000000,00000000,001024,001,001,00000008,00070628,01,0000000845687333,00000000,00000000,004,002,016,016,1
013,00000000,00143406,00000000,010,00427692,00000000,00000000,001024,001,001,00000008,00071879,01,0000006248694978,00000000,00000000,004,002,016,016,1
014,00000000,00142247,00000000,010,00429422,00000000,00000000,001024,001,001,00000008,00071752,01,0000006203256805,00000000,00000000,004,002,016,016,1
015,00000000,00142707,00000000,010,00428299,00000000,00000000,001024,001,001,00000008,00072252,01,0000006276530925,00000000,00000000,004,002,016,016,1
000,00000000,00124213,00157022,010,00381815,00000000,00000000,001024,002,001,00000008,00062374,01,0000013576676764,00000000,00000000,004,002,016,016,1
001,00000000,00123830,00122401,010,00380753,00000000,00000000,001024,002,001,00000008,00062500,01,0000013731193405,00000000,00000000,004,002,016,016,1
002,00000000,00124109,00143694,010,00381565,00000000,00000000,001024,002,001,00000008,00062226,01,0000013533272135,00000000,00000000,004,002,016,016,1
003,00000000,00123554,00131067,010,00381302,00000000,00000000,001024,002,001,00000008,00062021,01,0000013698054523,00000000,00000000,004,002,016,016,1
004,00000000,00124462,00107311,010,00380387,00000000,00000000,001024,002,001,00000008,00062276,01,0000013763490969,00000000,00000000,004,002,016,016,1
005,00000000,00124163,00144783,010,00376373,00000000,00000000,001024,002,001,00000008,00062124,01,0000013513736540,00000000,00000000,004,002,016,016,1
006,00000000,00123606,00093900,010,00380872,00000000,00000000,001024,002,001,00000008,00061930,01,0000013688810695,00000000,00000000,004,002,016,016,1
007,00000000,00124431,00094675,010,00379877,00000000,00000000,001024,002,001,00000008,00062319,01,0000013554443905,00000000,00000000,004,002,016,016,1
008,00000000,00123380,00000000,010,00377611,00000000,00000000,001024,002,001,00000008,00061981,01,0000013449891421,00000000,00000000,004,002,016,016,1
009,00000000,00124492,00000000,010,00379108,00000000,00000000,001024,002,001,00000008,00062281,01,0000013564352099,00000000,00000000,004,002,016,016,1
010,00000000,00123879,00000000,010,00378615,00000000,00000000,001024,002,001,00000008,00062250,01,0000013567847683,00000000,00000000,004,002,016,016,1
011,00000000,00123513,00000000,010,00378420,00000000,00000000,001024,002,001,00000008,00062087,01,0000013261497472,00000000,00000000,004,002,016,016,1
012,00000000,00123507,00000000,010,00376505,00000000,00000000,001024,002,001,00000008,00061865,01,0000013309438868,00000000,00000000,004,002,016,016,1
013,00000000,00124081,00000000,010,00380407,00000000,00000000,001024,002,001,00000008,00062072,01,0000013367467979,00000000,00000000,004,002,016,016,1
014,00000000,00124307,00000000,010,00379074,00000000,00000000,001024,002,001,00000008,00062191,01,0000013027688248,00000000,00000000,004,002,016,016,1
015,00000000,00124481,00000000,010,00379246,00000000,00000000,001024,002,001,00000008,00062356,01,0000013139816353,00000000,00000000,004,002,016,016,1
000,00000000,00124038,00156055,010,00379580,00000000,00000000,001024,003,001,00000008,00062143,01,0000013583059947,00000000,00000000,004,002,016,016,1
001,00000000,00124164,00121911,010,00377926,00000000,00000000,001024,003,001,00000008,00061875,01,0000013718675694,00000000,00000000,004,002,016,016,1
002,00000000,00123151,00143201,010,00376896,00000000,00000000,001024,003,001,00000008,00061789,01,0000013419303710,00000000,00000000,004,002,016,016,1
003,00000000,00123441,00130622,010,00380358,00000000,00000000,001024,003,001,00000008,00061920,01,0000013683746415,00000000,00000000,004,002,016,016,1
004,00000000,00123574,00106496,010,00375834,00000000,00000000,001024,003,001,00000008,00061795,01,0000013704938791,00000000,00000000,004,002,016,016,1
005,00000000,00124006,00144714,010,00379839,00000000,00000000,001024,003,001,00000008,00062186,01,0000013365811428,00000000,00000000,004,002,016,016,1
006,00000000,00123633,00093825,010,00382422,00000000,00000000,001024,003,001,00000008,00061920,01,0000013552438100,00000000,00000000,004,002,016,016,1
007,00000000,00124224,00095237,010,00377970,00000000,00000000,001024,003,001,00000008,00062134,01,0000013614397108,00000000,00000000,004,002,016,016,1
008,00000000,00124189,00000000,010,00379925,00000000,00000000,001024,003,001,00000008,00061907,01,0000013553950456,00000000,00000000,004,002,016,016,1
009,00000000,00124226,00000000,010,00381604,00000000,00000000,001024,003,001,00000008,00062225,01,0000013668924439,00000000,00000000,004,002,016,016,1
010,00000000,00123773,00000000,010,00381457,00000000,00000000,001024,003,001,00000008,00062017,01,0000013504202071,00000000,00000000,004,002,016,016,1
011,00000000,00123884,00000000,010,00378731,00000000,00000000,001024,003,001,00000008,00061970,01,0000013279024777,00000000,00000000,004,002,016,016,1
012,00000000,00123777,00000000,010,00377051,00000000,00000000,001024,003,001,00000008,00061981,01,0000013424501815,00000000,00000000,004,002,016,016,1
013,00000000,00123195,00000000,010,00379989,00000000,00000000,001024,003,001,00000008,00061830,01,0000013252243344,00000000,00000000,004,002,016,016,1
014,00000000,00123600,00000000,010,00378481,00000000,00000000,001024,003,001,00000008,00062193,01,0000012966853101,00000000,00000000,004,002,016,016,1
015,00000000,00124004,00000000,010,00382461,00000000,00000000,001024,003,001,00000008,00062176,01,0000013290316349,00000000,00000000,004,002,016,016,1
000,00000000,00204992,00314600,010,00569781,00000000,00000000,001024,000,002,00000008,00103145,01,0000006985269275,00000000,00000000,004,002,016,016,1
001,00000000,00206106,00248771,010,00566771,00000000,00000000,001024,000,002,00000008,00103505,01,0000006984270918,00000000,00000000,004,002,016,016,1
002,00000000,00207436,00219463,010,00570050,00000000,00000000,001024,000,002,00000008,00103934,01,0000006889214340,00000000,00000000,004,002,016,016,1
003,00000000,00206573,00226507,010,00566579,00000000,00000000,001024,000,002,00000008,00104039,01,0000007029053790,00000000,00000000,004,002,016,016,1
004,00000000,00206593,00160319,010,00569744,00000000,00000000,001024,000,002,00000008,00104009,01,0000007039453716,00000000,00000000,004,002,016,016,1
005,00000000,00205529,00173897,010,00564555,00000000,00000000,001024,000,002,00000008,00103029,01,0000006905152981,00000000,00000000,004,002,016,016,1
006,00000000,00204596,00159161,010,00566365,00000000,00000000,001024,000,002,00000008,00103043,01,0000006908352152,00000000,00000000,004,002,016,016,1
007,00000000,00207419,00153957,010,00574080,00000000,00000000,001024,000,002,00000008,00104292,01,0000006942317539,00000000,00000000,004,002,016,016,1
008,00000000,00206109,00000000,010,00562485,00000000,00000000,001024,000,002,00000008,00103215,01,0000006900924207,00000000,00000000,004,002,016,016,1
009,00000000,00207153,00000000,010,00571309,00000000,00000000,001024,000,002,00000008,00104167,01,0000007001787613,00000000,00000000,004,002,016,016,1
010,00000000,00207596,00000000,010,00572175,00000000,00000000,001024,000,002,00000008,00104376,01,0000006968057853,00000000,00000000,004,002,016,016,1
011,00000000,00205815,00000000,010,00562030,00000000,00000000,001024,000,002,00000008,00103873,01,0000006612212844,00000000,00000000,004,002,016,016,1
012,00000000,00205766,00000000,010,00567148,00000000,00000000,001024,000,002,00000008,00103830,01,0000006850918364,00000000,00000000,004,002,016,016,1
013,00000000,00201502,00000000,010,00548697,00000000,00000000,001024,000,002,00000008,00101199,01,0000000863036285,00000000,00000000,004,002,016,016,1
014,00000000,00204920,00000000,010,00567144,00000000,00000000,001024,000,002,00000008,00103648,01,0000006209576080,00000000,00000000,004,002,016,016,1
015,00000000,00205222,00000000,010,00567228,00000000,00000000,001024,000,002,00000008,00103371,01,0000006799549685,00000000,00000000,004,002,016,016,1
000,00000000,00100721,00155129,010,00290672,00000000,00000000,001024,001,002,00000008,00051071,01,0000004643652224,00000000,00000000,004,002,016,016,1
001,00000000,00102261,00122903,010,00292486,00000000,00000000,001024,001,002,00000008,00051445,01,0000004716105174,00000000,00000000,004,002,016,016,1
002,00000000,00102236,00108627,010,00286307,00000000,00000000,001024,001,002,00000008,00051625,01,0000004618286794,00000000,00000000,004,002,016,016,1
003,00000000,00101547,00111649,010,00293863,00000000,00000000,001024,001,002,00000008,00051321,01,0000004704986402,00000000,00000000,004,002,016,016,1
004,00000000,00101398,00079253,010,00291022,00000000,00000000,001024,001,002,00000008,00051222,01,0000004673106918,00000000,00000000,004,002,016,016,1
005,00000000,00102320,00086171,010,00292138,00000000,00000000,001024,001,002,00000008,00051647,01,0000004669305729,00000000,00000000,004,002,016,016,1
006,00000000,00100902,00078699,010,00290220,00000000,00000000,001024,001,002,00000008,00051040,01,0000004637167944,00000000,00000000,004,002,016,016,1
007,00000000,00101522,00076644,010,00290585,00000000,00000000,001024,001,002,00000008,00051534,01,0000004642373151,00000000,00000000,004,002,016,016,1
008,00000000,00103566,00000000,010,00291731,00000000,00000000,001024,001,002,00000008,00052163,01,0000004641331494,00000000,00000000,004,002,016,016,1
009,00000000,00101406,00000000,010,00289336,00000000,00000000,001024,001,002,00000008,00051164,01,0000004660181289,00000000,00000000,004,002,016,016,1
010,00000000,00100003,00000000,010,00287698,00000000,00000000,001024,001,002,00000008,00050541,01,0000004620313749,00000000,00000000,004,002,016,016,1
011,00000000,00100532,00000000,010,00288773,00000000,00000000,001024,001,002,00000008,00050800,01,0000004409272697,00000000,00000000,004,002,016,016,1
012,00000000,00100479,00000000,010,00292129,00000000,00000000,001024,001,002,00000008,00051015,01,0000004577839752,00000000,00000000,004,002,016,016,1
013,00000000,00099366,00000000,010,00281483,00000000,00000000,001024,001,002,00000008,00050428,01,0000000697800134,00000000,00000000,004,002,016,016,1
014,00000000,00100592,00000000,010,00291534,00000000,00000000,001024,001,002,00000008,00050806,01,0000004231026055,00000000,00000000,004,002,016,016,1
015,00000000,00102149,00000000,010,00289383,00000000,00000000,001024,001,002,00000008,00051253,01,0000004581645861,00000000,00000000,004,002,016,016,1
000,00000000,00103292,00155949,010,00269442,00000000,00000000,001024,002,002,00000008,00051692,01,0000010701857545,00000000,00000000,004,002,016,016,1
001,00000000,00102325,00124087,010,00269430,00000000,00000000,001024,002,002,00000008,00051255,01,0000010808999926,00000000,00000000,004,002,016,016,1
002,00000000,00103821,00108869,010,00269105,00000000,00000000,001024,002,002,00000008,00051960,01,0000010800637823,00000000,00000000,004,002,016,016,1
003,00000000,00103190,00112757,010,00269041,00000000,00000000,001024,002,002,00000008,00051694,01,0000010936238062,00000000,00000000,004,002,016,016,1
004,00000000,00102430,00079799,010,00268675,00000000,00000000,001024,002,002,00000008,00051277,01,0000010867310890,00000000,00000000,004,002,016,016,1
005,00000000,00102827,00087114,010,00271346,00000000,00000000,001024,002,002,00000008,00051579,01,0000010831437186,00000000,00000000,004,002,016,016,1
006,00000000,00102981,00079655,010,00270102,00000000,00000000,001024,002,002,00000008,00051575,01,0000009863624722,00000000,00000000,004,002,016,016,1
007,00000000,00103645,00077246,010,00267770,00000000,00000000,001024,002,002,00000008,00051865,01,0000010823487295,00000000,00000000,004,002,016,016,1
008,00000000,00102438,00000000,010,00270108,00000000,00000000,001024,002,002,00000008,00051605,01,0000010753900930,00000000,00000000,004,002,016,016,1
009,00000000,00103566,00000000,010,00271514,00000000,00000000,001024,002,002,00000008,00051781,01,0000010873017200,00000000,00000000,004,002,016,016,1
010,00000000,00102702,00000000,010,00270749,00000000,00000000,001024,002,002,00000008,00051662,01,0000010774792045,00000000,00000000,004,002,016,016,1
011,00000000,00102086,00000000,010,00270366,00000000,00000000,001024,002,002,00000008,00051179,01,0000010082980339,00000000,00000000,004,002,016,016,1
012,00000000,00103167,00000000,010,00272161,00000000,00000000,001024,002,002,00000008,00051625,01,0000010752327194,00000000,00000000,004,002,016,016,1
013,00000000,00103053,00000000,010,00271134,00000000,00000000,001024,002,002,00000008,00051721,01,0000010489454949,00000000,00000000,004,002,016,016,1
014,00000000,00102653,00000000,010,00271485,00000000,00000000,001024,002,002,00000008,00051322,01,0000010144096340,00000000,00000000,004,002,016,016,1
015,00000000,00103247,00000000,010,00270077,00000000,00000000,001024,002,002,00000008,00051684,01,0000010579138723,00000000,00000000,004,002,016,016,1
000,00000000,00105004,00157945,010,00273403,00000000,00000000,001024,003,002,00000008,00052471,01,0000010959854828,00000000,00000000,004,002,016,016,1
001,00000000,00104247,00126183,010,00268966,00000000,00000000,001024,003,002,00000008,00052323,01,0000010875818212,00000000,00000000,004,002,016,016,1
002,00000000,00103908,00110585,010,00272930,00000000,00000000,001024,003,002,00000008,00052244,01,0000010883880863,00000000,00000000,004,002,016,016,1
003,00000000,00102891,00114813,010,00268753,00000000,00000000,001024,003,002,00000008,00051766,01,0000010860805227,00000000,00000000,004,002,016,016,1
004,00000000,00104413,00081200,010,00269754,00000000,00000000,001024,003,002,00000008,00052159,01,0000011092785119,00000000,00000000,004,002,016,016,1
005,00000000,00104584,00087863,010,00272347,00000000,00000000,001024,003,002,00000008,00052515,01,0000010963532958,00000000,00000000,004,002,016,016,1
006,00000000,00104415,00080482,010,00272962,00000000,00000000,001024,003,002,00000008,00052593,01,0000010897434400,00000000,00000000,004,002,016,016,1
007,00000000,00104953,00078447,010,00269869,00000000,00000000,001024,003,002,00000008,00052436,01,0000010903195564,00000000,00000000,004,002,016,016,1
008,00000000,00104917,00000000,010,00272446,00000000,00000000,001024,003,002,00000008,00052792,01,0000010881088792,00000000,00000000,004,002,016,016,1
009,00000000,00104113,00000000,010,00273727,00000000,00000000,001024,003,002,00000008,00052191,01,0000011023748860,00000000,00000000,004,002,016,016,1
010,00000000,00103943,00000000,010,00269215,00000000,00000000,001024,003,002,00000008,00052099,01,0000011271382416,00000000,00000000,004,002,016,016,1
011,00000000,00105034,00000000,010,00273408,00000000,00000000,001024,003,002,00000008,00052530,01,0000010601318505,00000000,00000000,004,002,016,016,1
012,00000000,00104482,00000000,010,00271344,00000000,00000000,001024,003,002,00000008,00052447,01,0000010758269322,00000000,00000000,004,002,016,016,1
013,00000000,00104702,00000000,010,00273570,00000000,00000000,001024,003,002,00000008,00052421,01,0000010736668977,00000000,00000000,004,002,016,016,1
014,00000000,00104430,00000000,010,00272853,00000000,00000000,001024,003,002,00000008,00052241,01,0000010559926628,00000000,00000000,004,002,016,016,1
015,00000000,00104135,00000000,010,00272315,00000000,00000000,001024,003,002,00000008,00052290,01,0000010658633444,00000000,00000000,004,002,016,016,1
